--
-- PostgreSQL database dump
--

-- Dumped from database version 9.5.14
-- Dumped by pg_dump version 9.5.14

SET statement_timeout = 0;
SET lock_timeout = 0;
SET client_encoding = 'UTF8';
SET standard_conforming_strings = on;
SELECT pg_catalog.set_config('search_path', '', false);
SET check_function_bodies = false;
SET client_min_messages = warning;
SET row_security = off;

--
-- Name: plpgsql; Type: EXTENSION; Schema: -; Owner: 
--

CREATE EXTENSION IF NOT EXISTS plpgsql WITH SCHEMA pg_catalog;


--
-- Name: EXTENSION plpgsql; Type: COMMENT; Schema: -; Owner: 
--

COMMENT ON EXTENSION plpgsql IS 'PL/pgSQL procedural language';


SET default_tablespace = '';

SET default_with_oids = false;

--
-- Name: auth_group; Type: TABLE; Schema: public; Owner: john
--

CREATE TABLE public.auth_group (
    id integer NOT NULL,
    name character varying(80) NOT NULL
);


ALTER TABLE public.auth_group OWNER TO john;

--
-- Name: auth_group_id_seq; Type: SEQUENCE; Schema: public; Owner: john
--

CREATE SEQUENCE public.auth_group_id_seq
    START WITH 1
    INCREMENT BY 1
    NO MINVALUE
    NO MAXVALUE
    CACHE 1;


ALTER TABLE public.auth_group_id_seq OWNER TO john;

--
-- Name: auth_group_id_seq; Type: SEQUENCE OWNED BY; Schema: public; Owner: john
--

ALTER SEQUENCE public.auth_group_id_seq OWNED BY public.auth_group.id;


--
-- Name: auth_group_permissions; Type: TABLE; Schema: public; Owner: john
--

CREATE TABLE public.auth_group_permissions (
    id integer NOT NULL,
    group_id integer NOT NULL,
    permission_id integer NOT NULL
);


ALTER TABLE public.auth_group_permissions OWNER TO john;

--
-- Name: auth_group_permissions_id_seq; Type: SEQUENCE; Schema: public; Owner: john
--

CREATE SEQUENCE public.auth_group_permissions_id_seq
    START WITH 1
    INCREMENT BY 1
    NO MINVALUE
    NO MAXVALUE
    CACHE 1;


ALTER TABLE public.auth_group_permissions_id_seq OWNER TO john;

--
-- Name: auth_group_permissions_id_seq; Type: SEQUENCE OWNED BY; Schema: public; Owner: john
--

ALTER SEQUENCE public.auth_group_permissions_id_seq OWNED BY public.auth_group_permissions.id;


--
-- Name: auth_permission; Type: TABLE; Schema: public; Owner: john
--

CREATE TABLE public.auth_permission (
    id integer NOT NULL,
    name character varying(255) NOT NULL,
    content_type_id integer NOT NULL,
    codename character varying(100) NOT NULL
);


ALTER TABLE public.auth_permission OWNER TO john;

--
-- Name: auth_permission_id_seq; Type: SEQUENCE; Schema: public; Owner: john
--

CREATE SEQUENCE public.auth_permission_id_seq
    START WITH 1
    INCREMENT BY 1
    NO MINVALUE
    NO MAXVALUE
    CACHE 1;


ALTER TABLE public.auth_permission_id_seq OWNER TO john;

--
-- Name: auth_permission_id_seq; Type: SEQUENCE OWNED BY; Schema: public; Owner: john
--

ALTER SEQUENCE public.auth_permission_id_seq OWNED BY public.auth_permission.id;


--
-- Name: auth_user; Type: TABLE; Schema: public; Owner: john
--

CREATE TABLE public.auth_user (
    id integer NOT NULL,
    password character varying(128) NOT NULL,
    last_login timestamp with time zone,
    is_superuser boolean NOT NULL,
    username character varying(150) NOT NULL,
    first_name character varying(30) NOT NULL,
    last_name character varying(150) NOT NULL,
    email character varying(254) NOT NULL,
    is_staff boolean NOT NULL,
    is_active boolean NOT NULL,
    date_joined timestamp with time zone NOT NULL
);


ALTER TABLE public.auth_user OWNER TO john;

--
-- Name: auth_user_groups; Type: TABLE; Schema: public; Owner: john
--

CREATE TABLE public.auth_user_groups (
    id integer NOT NULL,
    user_id integer NOT NULL,
    group_id integer NOT NULL
);


ALTER TABLE public.auth_user_groups OWNER TO john;

--
-- Name: auth_user_groups_id_seq; Type: SEQUENCE; Schema: public; Owner: john
--

CREATE SEQUENCE public.auth_user_groups_id_seq
    START WITH 1
    INCREMENT BY 1
    NO MINVALUE
    NO MAXVALUE
    CACHE 1;


ALTER TABLE public.auth_user_groups_id_seq OWNER TO john;

--
-- Name: auth_user_groups_id_seq; Type: SEQUENCE OWNED BY; Schema: public; Owner: john
--

ALTER SEQUENCE public.auth_user_groups_id_seq OWNED BY public.auth_user_groups.id;


--
-- Name: auth_user_id_seq; Type: SEQUENCE; Schema: public; Owner: john
--

CREATE SEQUENCE public.auth_user_id_seq
    START WITH 1
    INCREMENT BY 1
    NO MINVALUE
    NO MAXVALUE
    CACHE 1;


ALTER TABLE public.auth_user_id_seq OWNER TO john;

--
-- Name: auth_user_id_seq; Type: SEQUENCE OWNED BY; Schema: public; Owner: john
--

ALTER SEQUENCE public.auth_user_id_seq OWNED BY public.auth_user.id;


--
-- Name: auth_user_user_permissions; Type: TABLE; Schema: public; Owner: john
--

CREATE TABLE public.auth_user_user_permissions (
    id integer NOT NULL,
    user_id integer NOT NULL,
    permission_id integer NOT NULL
);


ALTER TABLE public.auth_user_user_permissions OWNER TO john;

--
-- Name: auth_user_user_permissions_id_seq; Type: SEQUENCE; Schema: public; Owner: john
--

CREATE SEQUENCE public.auth_user_user_permissions_id_seq
    START WITH 1
    INCREMENT BY 1
    NO MINVALUE
    NO MAXVALUE
    CACHE 1;


ALTER TABLE public.auth_user_user_permissions_id_seq OWNER TO john;

--
-- Name: auth_user_user_permissions_id_seq; Type: SEQUENCE OWNED BY; Schema: public; Owner: john
--

ALTER SEQUENCE public.auth_user_user_permissions_id_seq OWNED BY public.auth_user_user_permissions.id;


--
-- Name: django_admin_log; Type: TABLE; Schema: public; Owner: john
--

CREATE TABLE public.django_admin_log (
    id integer NOT NULL,
    action_time timestamp with time zone NOT NULL,
    object_id text,
    object_repr character varying(200) NOT NULL,
    action_flag smallint NOT NULL,
    change_message text NOT NULL,
    content_type_id integer,
    user_id integer NOT NULL,
    CONSTRAINT django_admin_log_action_flag_check CHECK ((action_flag >= 0))
);


ALTER TABLE public.django_admin_log OWNER TO john;

--
-- Name: django_admin_log_id_seq; Type: SEQUENCE; Schema: public; Owner: john
--

CREATE SEQUENCE public.django_admin_log_id_seq
    START WITH 1
    INCREMENT BY 1
    NO MINVALUE
    NO MAXVALUE
    CACHE 1;


ALTER TABLE public.django_admin_log_id_seq OWNER TO john;

--
-- Name: django_admin_log_id_seq; Type: SEQUENCE OWNED BY; Schema: public; Owner: john
--

ALTER SEQUENCE public.django_admin_log_id_seq OWNED BY public.django_admin_log.id;


--
-- Name: django_content_type; Type: TABLE; Schema: public; Owner: john
--

CREATE TABLE public.django_content_type (
    id integer NOT NULL,
    app_label character varying(100) NOT NULL,
    model character varying(100) NOT NULL
);


ALTER TABLE public.django_content_type OWNER TO john;

--
-- Name: django_content_type_id_seq; Type: SEQUENCE; Schema: public; Owner: john
--

CREATE SEQUENCE public.django_content_type_id_seq
    START WITH 1
    INCREMENT BY 1
    NO MINVALUE
    NO MAXVALUE
    CACHE 1;


ALTER TABLE public.django_content_type_id_seq OWNER TO john;

--
-- Name: django_content_type_id_seq; Type: SEQUENCE OWNED BY; Schema: public; Owner: john
--

ALTER SEQUENCE public.django_content_type_id_seq OWNED BY public.django_content_type.id;


--
-- Name: django_migrations; Type: TABLE; Schema: public; Owner: john
--

CREATE TABLE public.django_migrations (
    id integer NOT NULL,
    app character varying(255) NOT NULL,
    name character varying(255) NOT NULL,
    applied timestamp with time zone NOT NULL
);


ALTER TABLE public.django_migrations OWNER TO john;

--
-- Name: django_migrations_id_seq; Type: SEQUENCE; Schema: public; Owner: john
--

CREATE SEQUENCE public.django_migrations_id_seq
    START WITH 1
    INCREMENT BY 1
    NO MINVALUE
    NO MAXVALUE
    CACHE 1;


ALTER TABLE public.django_migrations_id_seq OWNER TO john;

--
-- Name: django_migrations_id_seq; Type: SEQUENCE OWNED BY; Schema: public; Owner: john
--

ALTER SEQUENCE public.django_migrations_id_seq OWNED BY public.django_migrations.id;


--
-- Name: django_session; Type: TABLE; Schema: public; Owner: john
--

CREATE TABLE public.django_session (
    session_key character varying(40) NOT NULL,
    session_data text NOT NULL,
    expire_date timestamp with time zone NOT NULL
);


ALTER TABLE public.django_session OWNER TO john;

--
-- Name: face_audiofile; Type: TABLE; Schema: public; Owner: john
--

CREATE TABLE public.face_audiofile (
    id integer NOT NULL,
    audio character varying(100) NOT NULL,
    sentence_id integer NOT NULL,
    speech_to_text character varying(500),
    created_at timestamp with time zone NOT NULL
);


ALTER TABLE public.face_audiofile OWNER TO john;

--
-- Name: face_audiofile_id_seq; Type: SEQUENCE; Schema: public; Owner: john
--

CREATE SEQUENCE public.face_audiofile_id_seq
    START WITH 1
    INCREMENT BY 1
    NO MINVALUE
    NO MAXVALUE
    CACHE 1;


ALTER TABLE public.face_audiofile_id_seq OWNER TO john;

--
-- Name: face_audiofile_id_seq; Type: SEQUENCE OWNED BY; Schema: public; Owner: john
--

ALTER SEQUENCE public.face_audiofile_id_seq OWNED BY public.face_audiofile.id;


--
-- Name: face_available; Type: TABLE; Schema: public; Owner: john
--

CREATE TABLE public.face_available (
    id integer NOT NULL,
    start_availability timestamp with time zone NOT NULL,
    end_availability timestamp with time zone NOT NULL
);


ALTER TABLE public.face_available OWNER TO john;

--
-- Name: face_available_id_seq; Type: SEQUENCE; Schema: public; Owner: john
--

CREATE SEQUENCE public.face_available_id_seq
    START WITH 1
    INCREMENT BY 1
    NO MINVALUE
    NO MAXVALUE
    CACHE 1;


ALTER TABLE public.face_available_id_seq OWNER TO john;

--
-- Name: face_available_id_seq; Type: SEQUENCE OWNED BY; Schema: public; Owner: john
--

ALTER SEQUENCE public.face_available_id_seq OWNED BY public.face_available.id;


--
-- Name: face_newsarticle; Type: TABLE; Schema: public; Owner: john
--

CREATE TABLE public.face_newsarticle (
    id integer NOT NULL,
    title character varying(100) NOT NULL,
    link character varying(200) NOT NULL,
    date date NOT NULL
);


ALTER TABLE public.face_newsarticle OWNER TO john;

--
-- Name: face_newsarticle_id_seq; Type: SEQUENCE; Schema: public; Owner: john
--

CREATE SEQUENCE public.face_newsarticle_id_seq
    START WITH 1
    INCREMENT BY 1
    NO MINVALUE
    NO MAXVALUE
    CACHE 1;


ALTER TABLE public.face_newsarticle_id_seq OWNER TO john;

--
-- Name: face_newsarticle_id_seq; Type: SEQUENCE OWNED BY; Schema: public; Owner: john
--

ALTER SEQUENCE public.face_newsarticle_id_seq OWNED BY public.face_newsarticle.id;


--
-- Name: face_permaudiofile; Type: TABLE; Schema: public; Owner: john
--

CREATE TABLE public.face_permaudiofile (
    id integer NOT NULL,
    speech_to_text character varying(500),
    audio character varying(100) NOT NULL,
    sentence_id integer NOT NULL,
    created_at timestamp with time zone NOT NULL
);


ALTER TABLE public.face_permaudiofile OWNER TO john;

--
-- Name: face_permaudiofile_id_seq; Type: SEQUENCE; Schema: public; Owner: john
--

CREATE SEQUENCE public.face_permaudiofile_id_seq
    START WITH 1
    INCREMENT BY 1
    NO MINVALUE
    NO MAXVALUE
    CACHE 1;


ALTER TABLE public.face_permaudiofile_id_seq OWNER TO john;

--
-- Name: face_permaudiofile_id_seq; Type: SEQUENCE OWNED BY; Schema: public; Owner: john
--

ALTER SEQUENCE public.face_permaudiofile_id_seq OWNED BY public.face_permaudiofile.id;


--
-- Name: face_permpronunciationrequest; Type: TABLE; Schema: public; Owner: john
--

CREATE TABLE public.face_permpronunciationrequest (
    id integer NOT NULL,
    text_to_speech character varying(500),
    created_at timestamp with time zone NOT NULL,
    sentence_id integer NOT NULL
);


ALTER TABLE public.face_permpronunciationrequest OWNER TO john;

--
-- Name: face_permpronunciationrequest_id_seq; Type: SEQUENCE; Schema: public; Owner: john
--

CREATE SEQUENCE public.face_permpronunciationrequest_id_seq
    START WITH 1
    INCREMENT BY 1
    NO MINVALUE
    NO MAXVALUE
    CACHE 1;


ALTER TABLE public.face_permpronunciationrequest_id_seq OWNER TO john;

--
-- Name: face_permpronunciationrequest_id_seq; Type: SEQUENCE OWNED BY; Schema: public; Owner: john
--

ALTER SEQUENCE public.face_permpronunciationrequest_id_seq OWNED BY public.face_permpronunciationrequest.id;


--
-- Name: face_permsentence; Type: TABLE; Schema: public; Owner: john
--

CREATE TABLE public.face_permsentence (
    id integer NOT NULL,
    sentence character varying(500),
    sentence_timestamp timestamp with time zone,
    question boolean NOT NULL,
    judgement character varying(1),
    judgement_timestamp timestamp with time zone,
    emotion character varying(12) NOT NULL,
    nod boolean,
    "nodSpeed" numeric(2,1) NOT NULL,
    "nodAmount" numeric(2,1) NOT NULL,
    surprise numeric(2,1) NOT NULL,
    indexes character varying(30),
    correction character varying(500) NOT NULL,
    correction_timestamp timestamp with time zone,
    whats_wrong boolean,
    whats_wrong_timestamp timestamp with time zone,
    try_again boolean,
    try_again_timestamp timestamp with time zone,
    show_correction boolean,
    show_correction_timestamp timestamp with time zone,
    next_sentence boolean,
    next_sentence_timestamp timestamp with time zone,
    prompt character varying(500),
    created_at timestamp with time zone NOT NULL,
    updated_at timestamp with time zone NOT NULL,
    learner_id integer NOT NULL,
    session_id integer NOT NULL
);


ALTER TABLE public.face_permsentence OWNER TO john;

--
-- Name: face_permsentence_id_seq; Type: SEQUENCE; Schema: public; Owner: john
--

CREATE SEQUENCE public.face_permsentence_id_seq
    START WITH 1
    INCREMENT BY 1
    NO MINVALUE
    NO MAXVALUE
    CACHE 1;


ALTER TABLE public.face_permsentence_id_seq OWNER TO john;

--
-- Name: face_permsentence_id_seq; Type: SEQUENCE OWNED BY; Schema: public; Owner: john
--

ALTER SEQUENCE public.face_permsentence_id_seq OWNED BY public.face_permsentence.id;


--
-- Name: face_profile; Type: TABLE; Schema: public; Owner: john
--

CREATE TABLE public.face_profile (
    id integer NOT NULL,
    gender character varying(1),
    learner_id integer NOT NULL,
    language character varying(10),
    nationality character varying(40),
    born character varying(10),
    education character varying(1),
    lived_in_english_speaking_country character varying(1),
    consent boolean NOT NULL,
    english_level character varying(1)
);


ALTER TABLE public.face_profile OWNER TO john;

--
-- Name: face_profile_id_seq; Type: SEQUENCE; Schema: public; Owner: john
--

CREATE SEQUENCE public.face_profile_id_seq
    START WITH 1
    INCREMENT BY 1
    NO MINVALUE
    NO MAXVALUE
    CACHE 1;


ALTER TABLE public.face_profile_id_seq OWNER TO john;

--
-- Name: face_profile_id_seq; Type: SEQUENCE OWNED BY; Schema: public; Owner: john
--

ALTER SEQUENCE public.face_profile_id_seq OWNED BY public.face_profile.id;


--
-- Name: face_pronunciationrequest; Type: TABLE; Schema: public; Owner: john
--

CREATE TABLE public.face_pronunciationrequest (
    id integer NOT NULL,
    text_to_speech character varying(500),
    created_at timestamp with time zone NOT NULL,
    sentence_id integer NOT NULL
);


ALTER TABLE public.face_pronunciationrequest OWNER TO john;

--
-- Name: face_pronunciationrequest_id_seq; Type: SEQUENCE; Schema: public; Owner: john
--

CREATE SEQUENCE public.face_pronunciationrequest_id_seq
    START WITH 1
    INCREMENT BY 1
    NO MINVALUE
    NO MAXVALUE
    CACHE 1;


ALTER TABLE public.face_pronunciationrequest_id_seq OWNER TO john;

--
-- Name: face_pronunciationrequest_id_seq; Type: SEQUENCE OWNED BY; Schema: public; Owner: john
--

ALTER SEQUENCE public.face_pronunciationrequest_id_seq OWNED BY public.face_pronunciationrequest.id;


--
-- Name: face_sentence; Type: TABLE; Schema: public; Owner: john
--

CREATE TABLE public.face_sentence (
    id integer NOT NULL,
    sentence character varying(500),
    judgement character varying(1),
    emotion character varying(12) NOT NULL,
    indexes character varying(30),
    correction character varying(300) NOT NULL,
    whats_wrong boolean,
    try_again boolean,
    created_at timestamp with time zone NOT NULL,
    updated_at timestamp with time zone NOT NULL,
    learner_id integer NOT NULL,
    session_id integer NOT NULL,
    prompt character varying(500),
    whats_wrong_timestamp timestamp with time zone,
    nod boolean,
    "nodAmount" numeric(2,1) NOT NULL,
    surprise numeric(2,1) NOT NULL,
    "nodSpeed" numeric(2,1) NOT NULL,
    correction_timestamp timestamp with time zone,
    judgement_timestamp timestamp with time zone,
    sentence_timestamp timestamp with time zone,
    try_again_timestamp timestamp with time zone,
    next_sentence boolean,
    next_sentence_timestamp timestamp with time zone,
    show_correction boolean,
    show_correction_timestamp timestamp with time zone,
    question boolean NOT NULL
);


ALTER TABLE public.face_sentence OWNER TO john;

--
-- Name: face_sentence_id_seq; Type: SEQUENCE; Schema: public; Owner: john
--

CREATE SEQUENCE public.face_sentence_id_seq
    START WITH 1
    INCREMENT BY 1
    NO MINVALUE
    NO MAXVALUE
    CACHE 1;


ALTER TABLE public.face_sentence_id_seq OWNER TO john;

--
-- Name: face_sentence_id_seq; Type: SEQUENCE OWNED BY; Schema: public; Owner: john
--

ALTER SEQUENCE public.face_sentence_id_seq OWNED BY public.face_sentence.id;


--
-- Name: face_session; Type: TABLE; Schema: public; Owner: john
--

CREATE TABLE public.face_session (
    id integer NOT NULL,
    start_time timestamp with time zone NOT NULL,
    end_time timestamp with time zone,
    learner_emotion character varying(12),
    topic character varying(100),
    score smallint,
    learner_id integer NOT NULL
);


ALTER TABLE public.face_session OWNER TO john;

--
-- Name: face_session_id_seq; Type: SEQUENCE; Schema: public; Owner: john
--

CREATE SEQUENCE public.face_session_id_seq
    START WITH 1
    INCREMENT BY 1
    NO MINVALUE
    NO MAXVALUE
    CACHE 1;


ALTER TABLE public.face_session_id_seq OWNER TO john;

--
-- Name: face_session_id_seq; Type: SEQUENCE OWNED BY; Schema: public; Owner: john
--

ALTER SEQUENCE public.face_session_id_seq OWNED BY public.face_session.id;


--
-- Name: id; Type: DEFAULT; Schema: public; Owner: john
--

ALTER TABLE ONLY public.auth_group ALTER COLUMN id SET DEFAULT nextval('public.auth_group_id_seq'::regclass);


--
-- Name: id; Type: DEFAULT; Schema: public; Owner: john
--

ALTER TABLE ONLY public.auth_group_permissions ALTER COLUMN id SET DEFAULT nextval('public.auth_group_permissions_id_seq'::regclass);


--
-- Name: id; Type: DEFAULT; Schema: public; Owner: john
--

ALTER TABLE ONLY public.auth_permission ALTER COLUMN id SET DEFAULT nextval('public.auth_permission_id_seq'::regclass);


--
-- Name: id; Type: DEFAULT; Schema: public; Owner: john
--

ALTER TABLE ONLY public.auth_user ALTER COLUMN id SET DEFAULT nextval('public.auth_user_id_seq'::regclass);


--
-- Name: id; Type: DEFAULT; Schema: public; Owner: john
--

ALTER TABLE ONLY public.auth_user_groups ALTER COLUMN id SET DEFAULT nextval('public.auth_user_groups_id_seq'::regclass);


--
-- Name: id; Type: DEFAULT; Schema: public; Owner: john
--

ALTER TABLE ONLY public.auth_user_user_permissions ALTER COLUMN id SET DEFAULT nextval('public.auth_user_user_permissions_id_seq'::regclass);


--
-- Name: id; Type: DEFAULT; Schema: public; Owner: john
--

ALTER TABLE ONLY public.django_admin_log ALTER COLUMN id SET DEFAULT nextval('public.django_admin_log_id_seq'::regclass);


--
-- Name: id; Type: DEFAULT; Schema: public; Owner: john
--

ALTER TABLE ONLY public.django_content_type ALTER COLUMN id SET DEFAULT nextval('public.django_content_type_id_seq'::regclass);


--
-- Name: id; Type: DEFAULT; Schema: public; Owner: john
--

ALTER TABLE ONLY public.django_migrations ALTER COLUMN id SET DEFAULT nextval('public.django_migrations_id_seq'::regclass);


--
-- Name: id; Type: DEFAULT; Schema: public; Owner: john
--

ALTER TABLE ONLY public.face_audiofile ALTER COLUMN id SET DEFAULT nextval('public.face_audiofile_id_seq'::regclass);


--
-- Name: id; Type: DEFAULT; Schema: public; Owner: john
--

ALTER TABLE ONLY public.face_available ALTER COLUMN id SET DEFAULT nextval('public.face_available_id_seq'::regclass);


--
-- Name: id; Type: DEFAULT; Schema: public; Owner: john
--

ALTER TABLE ONLY public.face_newsarticle ALTER COLUMN id SET DEFAULT nextval('public.face_newsarticle_id_seq'::regclass);


--
-- Name: id; Type: DEFAULT; Schema: public; Owner: john
--

ALTER TABLE ONLY public.face_permaudiofile ALTER COLUMN id SET DEFAULT nextval('public.face_permaudiofile_id_seq'::regclass);


--
-- Name: id; Type: DEFAULT; Schema: public; Owner: john
--

ALTER TABLE ONLY public.face_permpronunciationrequest ALTER COLUMN id SET DEFAULT nextval('public.face_permpronunciationrequest_id_seq'::regclass);


--
-- Name: id; Type: DEFAULT; Schema: public; Owner: john
--

ALTER TABLE ONLY public.face_permsentence ALTER COLUMN id SET DEFAULT nextval('public.face_permsentence_id_seq'::regclass);


--
-- Name: id; Type: DEFAULT; Schema: public; Owner: john
--

ALTER TABLE ONLY public.face_profile ALTER COLUMN id SET DEFAULT nextval('public.face_profile_id_seq'::regclass);


--
-- Name: id; Type: DEFAULT; Schema: public; Owner: john
--

ALTER TABLE ONLY public.face_pronunciationrequest ALTER COLUMN id SET DEFAULT nextval('public.face_pronunciationrequest_id_seq'::regclass);


--
-- Name: id; Type: DEFAULT; Schema: public; Owner: john
--

ALTER TABLE ONLY public.face_sentence ALTER COLUMN id SET DEFAULT nextval('public.face_sentence_id_seq'::regclass);


--
-- Name: id; Type: DEFAULT; Schema: public; Owner: john
--

ALTER TABLE ONLY public.face_session ALTER COLUMN id SET DEFAULT nextval('public.face_session_id_seq'::regclass);


--
-- Data for Name: auth_group; Type: TABLE DATA; Schema: public; Owner: john
--

COPY public.auth_group (id, name) FROM stdin;
1	FengChia
\.


--
-- Name: auth_group_id_seq; Type: SEQUENCE SET; Schema: public; Owner: john
--

SELECT pg_catalog.setval('public.auth_group_id_seq', 1, true);


--
-- Data for Name: auth_group_permissions; Type: TABLE DATA; Schema: public; Owner: john
--

COPY public.auth_group_permissions (id, group_id, permission_id) FROM stdin;
\.


--
-- Name: auth_group_permissions_id_seq; Type: SEQUENCE SET; Schema: public; Owner: john
--

SELECT pg_catalog.setval('public.auth_group_permissions_id_seq', 1, false);


--
-- Data for Name: auth_permission; Type: TABLE DATA; Schema: public; Owner: john
--

COPY public.auth_permission (id, name, content_type_id, codename) FROM stdin;
1	Can add log entry	1	add_logentry
2	Can change log entry	1	change_logentry
3	Can delete log entry	1	delete_logentry
4	Can add permission	2	add_permission
5	Can change permission	2	change_permission
6	Can delete permission	2	delete_permission
7	Can add group	3	add_group
8	Can change group	3	change_group
9	Can delete group	3	delete_group
10	Can add user	4	add_user
11	Can change user	4	change_user
12	Can delete user	4	delete_user
13	Can add content type	5	add_contenttype
14	Can change content type	5	change_contenttype
15	Can delete content type	5	delete_contenttype
16	Can add session	6	add_session
17	Can change session	6	change_session
18	Can delete session	6	delete_session
19	Can add available	7	add_available
20	Can change available	7	change_available
21	Can delete available	7	delete_available
22	Can add session	8	add_session
23	Can change session	8	change_session
24	Can delete session	8	delete_session
25	Can add audio file	9	add_audiofile
26	Can change audio file	9	change_audiofile
27	Can delete audio file	9	delete_audiofile
28	Can add sentence	10	add_sentence
29	Can change sentence	10	change_sentence
30	Can delete sentence	10	delete_sentence
31	Can add profile	11	add_profile
32	Can change profile	11	change_profile
33	Can delete profile	11	delete_profile
34	Can add perm sentence	12	add_permsentence
35	Can change perm sentence	12	change_permsentence
36	Can delete perm sentence	12	delete_permsentence
37	Can add perm audio file	13	add_permaudiofile
38	Can change perm audio file	13	change_permaudiofile
39	Can delete perm audio file	13	delete_permaudiofile
40	Can add news article	14	add_newsarticle
41	Can change news article	14	change_newsarticle
42	Can delete news article	14	delete_newsarticle
43	Can add perm pronunciation request	15	add_permpronunciationrequest
44	Can change perm pronunciation request	15	change_permpronunciationrequest
45	Can delete perm pronunciation request	15	delete_permpronunciationrequest
46	Can add pronunciation request	16	add_pronunciationrequest
47	Can change pronunciation request	16	change_pronunciationrequest
48	Can delete pronunciation request	16	delete_pronunciationrequest
\.


--
-- Name: auth_permission_id_seq; Type: SEQUENCE SET; Schema: public; Owner: john
--

SELECT pg_catalog.setval('public.auth_permission_id_seq', 48, true);


--
-- Data for Name: auth_user; Type: TABLE DATA; Schema: public; Owner: john
--

COPY public.auth_user (id, password, last_login, is_superuser, username, first_name, last_name, email, is_staff, is_active, date_joined) FROM stdin;
24	pbkdf2_sha256$100000$9bZdCjRGTHdn$1hIV8QIQbk7jL+k3Lf2x8CcYvHXFapyCzLcOvqXZhwM=	2018-11-02 12:21:09.943958+00	f	WhoAmI_2			thomas.mildner@ucd-connect.ie	f	t	2018-11-02 12:21:09.822493+00
26	pbkdf2_sha256$100000$qjIzDPHrU7G5$z91i9VtlGikBuV+vGWbJWMRr9nqh6/3siuh0O95daqM=	2018-11-02 20:44:48.27181+00	f	toni 			toni@toni.com	f	t	2018-11-02 20:44:48.129488+00
2	pbkdf2_sha256$100000$yOgTSxR0dXyP$+eyMbebgfn5jREAacleZE1WbS1QVOwF9cgozzuBs4ng=	2018-11-10 13:55:32.734657+00	f	nana				f	t	2018-08-15 15:50:21+00
12	pbkdf2_sha256$100000$BF28IUrl9OBf$NBEH60V2c10AuWU8v7Q0JML1LPJU9tREuYe7DXSxSh0=	2018-10-18 16:24:47.334139+00	f	PETERLEE			haohaolth@gmail.com	f	t	2018-10-18 16:24:47.190088+00
3	pbkdf2_sha256$100000$YcthLvU7mMjm$eLrp+IAcPBHEWOLlsknGcJi7RNIUa+LM6K+t3eeEa7c=	2018-11-05 12:13:15.922909+00	f	Beate				f	t	2018-09-12 07:15:56.910731+00
27	pbkdf2_sha256$100000$HspCBiUbVB6Y$amwFzAZWIIbvY0/4zQgFwn4q/Oz4L8eO4sO58kf16Ak=	2018-11-05 12:13:46.373322+00	f	jimjim			jim@jim.com	f	t	2018-11-05 12:13:46.250686+00
28	pbkdf2_sha256$100000$y9AnYfUgKf2A$znhX52gFEtPQZwwU72U2BRs1ETx3K/7DBMG6dD7VZEk=	2018-11-05 12:15:55.768868+00	f	jacki			jacki@j.com	f	t	2018-11-05 12:15:55.647856+00
18	pbkdf2_sha256$100000$Z6l44nQK1nWj$f3dXm1YznHpSV2q11Zf1ErRgENHkFa4nBGcTyY5x6Zk=	2018-11-13 13:34:57.940207+00	f	D0531511			jessica8764@gmai.com	f	t	2018-10-23 13:43:58+00
11	pbkdf2_sha256$100000$QZcAfJc4kHAy$p+Yuqs3r51qwuoxWssAGDHc+DJQKgjp+GPQwo5vAPPQ=	2018-11-14 11:35:32.361863+00	f	EmilyWu			e311211@gmail.com	f	t	2018-10-18 11:07:33+00
20	pbkdf2_sha256$100000$ZdU8XXTy7AfN$vg5gPo1akx2clC3iv2WDLjn/g5/0VSqM5EyIHy8AN6c=	2018-10-26 12:21:44+00	f	Angel			yuchen19980708@gmail.com	f	t	2018-10-26 12:21:44+00
1	pbkdf2_sha256$100000$WsY1SrcxLBG9$wgf4ZOXBA7O+2IpOpButoLHzLyhKY+t8P+DTcLWwz2E=	2018-11-15 18:42:04.498939+00	t	john				t	t	2018-08-15 11:52:15.517333+00
4	pbkdf2_sha256$100000$4c4jqsy6yDag$PV/9kAcjoKH7EC8p65AZlXFmKkhL01uZW+UcjidsL54=	2018-10-09 16:55:01.030937+00	f	jack			jack@djio	f	t	2018-10-09 16:55:00.861032+00
5	pbkdf2_sha256$100000$ZE8PPiv3Rinw$7cGXgfGS2ymLAUWEySykdrzn1byYkR+xdxo3+dP6BJ8=	2018-10-12 16:15:36.907153+00	f	llllllllllllllll			j8510212352@yahoo.ocm	f	t	2018-10-12 16:15:36.755919+00
13	pbkdf2_sha256$100000$LCUg5XFCDoC1$BMxdEJAtlVWwkfKq3PFNTve6un8o5Wc41vuH4MmbLoY=	2018-10-19 10:13:46+00	f	Kevin			kevin70304@gmail.com	f	t	2018-10-19 10:07:59+00
6	pbkdf2_sha256$100000$KodTFFWlLbsH$z+L0zOTaP4IHhS0RwVxJbVg9GqbO+y+q0LuyNBDi0Bw=	2018-10-14 05:13:19.571138+00	f	whoslief			whoslief@gmail.com	f	t	2018-10-13 03:26:29.057826+00
21	pbkdf2_sha256$100000$sLvPJhoabOJj$vHyJFI22/RUKJfnWucvaVL3KarySN47QIRYGP1rBI1w=	2018-10-30 10:30:53+00	f	Sirii1412			lincai1905@gmail.com	f	t	2018-10-30 10:21:22+00
30	pbkdf2_sha256$100000$YdqNgnIj2Q4Q$G60v0wHGfZRnW8y5Ng+/IPdtQJWTcpuUDlKU6xIEeYU=	2018-11-05 16:32:53.004442+00	f	May			aiyuan.ma@ucdconnect.ie	f	t	2018-11-05 16:32:52.884533+00
22	pbkdf2_sha256$100000$5EYdSpvwRVfN$J/gyHr8FZ74T/uathjTQsoF2choQDHa0JHjEX/qq77M=	2018-11-02 12:17:02.648978+00	f	MartaZiosi			martaziosi95@gmail.com	f	t	2018-11-02 12:17:02.526011+00
\.


--
-- Data for Name: auth_user_groups; Type: TABLE DATA; Schema: public; Owner: john
--

COPY public.auth_user_groups (id, user_id, group_id) FROM stdin;
2	20	1
3	18	1
4	11	1
5	13	1
6	21	1
\.


--
-- Name: auth_user_groups_id_seq; Type: SEQUENCE SET; Schema: public; Owner: john
--

SELECT pg_catalog.setval('public.auth_user_groups_id_seq', 6, true);


--
-- Name: auth_user_id_seq; Type: SEQUENCE SET; Schema: public; Owner: john
--

SELECT pg_catalog.setval('public.auth_user_id_seq', 31, true);


--
-- Data for Name: auth_user_user_permissions; Type: TABLE DATA; Schema: public; Owner: john
--

COPY public.auth_user_user_permissions (id, user_id, permission_id) FROM stdin;
\.


--
-- Name: auth_user_user_permissions_id_seq; Type: SEQUENCE SET; Schema: public; Owner: john
--

SELECT pg_catalog.setval('public.auth_user_user_permissions_id_seq', 1, false);


--
-- Data for Name: django_admin_log; Type: TABLE DATA; Schema: public; Owner: john
--

COPY public.django_admin_log (id, action_time, object_id, object_repr, action_flag, change_message, content_type_id, user_id) FROM stdin;
1	2018-08-15 15:50:21.585685+00	2	nana	1	[{"added": {}}]	4	1
2	2018-08-15 15:51:42.434678+00	1	1___nana___Wed 15 Aug 16:49___None	1	[{"added": {}}]	8	1
3	2018-08-18 10:34:02.350566+00	1	1___nana___Wed 15 Aug 11:34___None	2	[{"changed": {"fields": ["start_time", "learner_emotion", "topic"]}}]	8	1
4	2018-08-18 10:34:17.119909+00	6	6: Hi there	3		10	1
5	2018-08-18 10:34:17.121904+00	5	5: Hello there tia	3		10	1
6	2018-08-18 10:34:17.123108+00	4	4: Hi hello	3		10	1
7	2018-08-18 10:34:17.124332+00	3	3: Do you like baseball?	3		10	1
8	2018-08-18 10:34:17.125547+00	2	2: what is your name?	3		10	1
9	2018-08-18 10:34:17.126725+00	1	1: i am happy to meet you	3		10	1
10	2018-08-18 10:47:14.985529+00	4	AudioFile object (4)	3		9	1
11	2018-08-18 10:47:14.987752+00	3	AudioFile object (3)	3		9	1
12	2018-08-18 10:47:14.988982+00	2	AudioFile object (2)	3		9	1
13	2018-08-18 10:47:14.990184+00	1	AudioFile object (1)	3		9	1
14	2018-08-18 10:47:28.887472+00	7	7: None	3		10	1
15	2018-08-18 10:55:02.73538+00	1	1___nana___Wed 15 Aug 11:54___None	2	[{"changed": {"fields": ["start_time"]}}]	8	1
16	2018-08-18 10:55:11.644631+00	8	8: None	3		10	1
17	2018-08-18 11:54:43.637584+00	9	9: None	3		10	1
18	2018-08-18 12:04:47.488875+00	11	11: None	3		10	1
19	2018-08-18 12:04:47.491147+00	10	10: hi how are you	3		10	1
20	2018-08-19 21:36:33.769997+00	29	29: ftvfy 7	3		10	1
21	2018-08-19 21:36:33.783634+00	28	28: guy gyu gyu	3		10	1
22	2018-08-19 21:36:33.78486+00	27	27: guig gi g	3		10	1
23	2018-08-19 21:36:33.785999+00	26	26: ui gui gui gui	3		10	1
24	2018-08-19 21:36:33.787132+00	25	25: what do you think about that	3		10	1
25	2018-08-19 21:36:33.788261+00	24	24: fyu yg gyu	3		10	1
26	2018-08-19 21:36:33.789437+00	23	23: through it grab coat Cup in now	3		10	1
27	2018-08-19 21:36:33.790481+00	22	22: it 1911	3		10	1
28	2018-08-19 21:36:33.791508+00	21	21: this is now working	3		10	1
29	2018-08-19 21:36:33.792543+00	20	20: 1 2 3 4	3		10	1
30	2018-08-19 21:36:33.793585+00	19	19: gjvjh	3		10	1
31	2018-08-19 21:36:33.794624+00	12	12: I'm going to housewarming party that my friend invited me	3		10	1
32	2018-08-19 21:36:42.777136+00	1	1___nana___Wed 15 Aug 11:54___None	2	[{"changed": {"fields": ["learner_emotion", "topic"]}}]	8	1
33	2018-08-20 15:20:43.17491+00	55	55: hoho	3		10	1
34	2018-08-20 15:20:43.202513+00	54	54: that is going onn	3		10	1
35	2018-08-20 15:20:43.20368+00	53	53: I am good	3		10	1
36	2018-08-20 15:20:43.204856+00	52	52: hello	3		10	1
37	2018-08-20 15:20:43.206001+00	51	51: but	3		10	1
38	2018-08-20 15:20:43.207127+00	50	50: hello	3		10	1
39	2018-08-20 15:20:43.208255+00	49	49: jojo	3		10	1
40	2018-08-20 15:20:43.209325+00	48	48: hihi	3		10	1
41	2018-08-20 15:20:43.210376+00	47	47: nipi	3		10	1
42	2018-08-20 15:20:43.211412+00	46	46: yoyo	3		10	1
43	2018-08-20 15:20:43.212437+00	45	45: hulo	3		10	1
44	2018-08-20 15:20:43.213483+00	44	44: hello	3		10	1
45	2018-08-20 15:20:43.214509+00	43	43: hihijo	3		10	1
46	2018-08-20 15:20:43.215539+00	42	42: hihi	3		10	1
47	2018-08-20 15:20:43.216564+00	41	41: yoyo	3		10	1
48	2018-08-20 15:20:43.217616+00	40	40: is it?	3		10	1
49	2018-08-20 15:20:43.218645+00	39	39: hi there	3		10	1
50	2018-08-20 15:20:43.219669+00	38	38: hello	3		10	1
51	2018-08-20 15:20:43.22069+00	37	37: what is that?	3		10	1
52	2018-08-20 15:20:43.221751+00	36	36: yoyo	3		10	1
53	2018-08-20 15:20:43.222781+00	35	35: 89 x 11	3		10	1
54	2018-08-20 15:20:43.223823+00	34	34: 1 2 3 4	3		10	1
55	2018-08-20 15:20:43.224881+00	33	33: what is the best way to learn English	3		10	1
56	2018-08-20 15:20:43.22595+00	32	32: I will use it a lot to improve my English	3		10	1
57	2018-08-20 15:20:43.227011+00	31	31: this is my first time using this web application	3		10	1
58	2018-08-20 15:20:43.228067+00	30	30: hello there nice to meet you	3		10	1
59	2018-08-20 15:20:53.206788+00	1	1___nana___Wed 15 Aug 11:54___None	2	[{"changed": {"fields": ["learner_emotion", "topic"]}}]	8	1
60	2018-08-20 15:20:57.82821+00	1	1___nana___Mon 20 Aug 16:20___None	2	[{"changed": {"fields": ["start_time"]}}]	8	1
61	2018-08-21 21:01:39.291968+00	1	Profile object (1)	1	[{"added": {}}]	11	1
62	2018-08-21 21:02:32.753537+00	2	Profile object (2)	1	[{"added": {}}]	11	1
63	2018-08-27 17:13:29.158363+00	1	1___nana___Mon 27 Aug 18:10___None	2	[{"changed": {"fields": ["start_time", "end_time", "learner_emotion", "topic", "score"]}}]	8	1
64	2018-08-27 17:18:13.470684+00	1	1___nana___Mon 27 Aug 18:10___None	2	[{"changed": {"fields": ["learner_emotion", "topic"]}}]	8	1
65	2018-08-27 17:19:38.347259+00	2	2___john___Mon 27 Aug 18:17___None	1	[{"added": {}}]	8	1
66	2018-08-27 17:39:01.018531+00	1	1___nana___Mon 27 Aug 18:36___None	2	[{"changed": {"fields": ["start_time"]}}]	8	1
67	2018-08-27 17:43:29.066512+00	1	1___nana___Mon 27 Aug 18:36___None	2	[]	8	1
68	2018-08-27 17:51:38.008287+00	1	1___nana___Mon 27 Aug 18:49___None	2	[{"changed": {"fields": ["start_time"]}}]	8	1
69	2018-08-27 18:16:38.807471+00	1	1___nana___Mon 27 Aug 19:14___None	2	[{"changed": {"fields": ["start_time"]}}]	8	1
70	2018-08-27 18:19:06.335017+00	2	2___john___Mon 27 Aug 19:17___None	2	[{"changed": {"fields": ["start_time"]}}]	8	1
71	2018-08-27 18:19:21.806481+00	2	2___john___Mon 27 Aug 19:17___None	2	[{"changed": {"fields": ["learner_emotion", "topic"]}}]	8	1
72	2018-08-27 18:24:00.08013+00	1	1___nana___Mon 27 Aug 19:14___0	2	[{"changed": {"fields": ["end_time"]}}]	8	1
73	2018-08-27 18:24:32.535757+00	1	1___nana___Mon 27 Aug 19:14___0	2	[{"changed": {"fields": ["end_time"]}}]	8	1
74	2018-08-27 18:42:19.426715+00	2	2___john___Mon 27 Aug 19:40___None	2	[{"changed": {"fields": ["start_time"]}}]	8	1
75	2018-08-27 18:42:51.854965+00	83	83: I'm going to go to the Cliffs of Moher	2	[{"changed": {"fields": ["sentence_timestamp"]}}]	10	1
76	2018-08-27 18:43:01.59235+00	83	83: I'm going to go to the Cliffs of Moher	3		10	1
77	2018-08-27 18:43:28.704038+00	82	82: None	3		10	1
78	2018-08-27 18:56:25.833394+00	1	1___nana___Mon 27 Aug 19:54___0	2	[{"changed": {"fields": ["start_time", "end_time"]}}]	8	1
79	2018-08-27 18:56:51.795028+00	88	88: None	3		10	1
80	2018-08-27 18:57:18.366174+00	1	1___nana___Mon 27 Aug 19:54___0	2	[{"changed": {"fields": ["end_time"]}}]	8	1
81	2018-08-30 09:23:55.088099+00	1	Thu 30 10:21 -- 12:00	1	[{"added": {}}]	7	1
82	2018-08-30 09:26:33.223905+00	30	30: hopefully I will be able to find a bus tour that I can visit a cave as well	3		12	1
83	2018-08-30 09:26:33.226039+00	29	29: I will book a bus tour tomorrow	3		12	1
84	2018-08-30 09:26:33.227242+00	28	28: today I talked about this idea to my sister and she agreed with me	3		12	1
85	2018-08-30 09:26:33.228412+00	27	27: I will go there with my sister	3		12	1
86	2018-08-30 09:26:33.229827+00	26	26: None	3		12	1
87	2018-08-30 09:26:33.230983+00	25	25: I'm leaving Ireland next month so I will visit some places in Ireland	3		12	1
88	2018-08-30 09:26:33.232157+00	24	24: so Yesterday people drank a lot and danced without talking so I felt bored	3		12	1
89	2018-08-30 09:26:33.23327+00	23	23: hello there to you	3		12	1
90	2018-08-30 09:26:33.23432+00	22	22: hello there Tia	3		12	1
91	2018-08-30 09:26:33.235368+00	21	21: and there were a lot of Brazilian people and they just tried to talk with Brazilian people	3		12	1
92	2018-08-30 09:26:33.236412+00	20	20: so Yesterday people drank a lot and danced without talking so I felt bored	3		12	1
93	2018-08-30 09:26:33.237814+00	19	19: so yesterday people drank a lot and danced not talking so I felt bored \n	3		12	1
94	2018-08-30 09:26:33.238858+00	18	18: so Yesterday people drank a lot and dance not talking so I felt bored \n	3		12	1
95	2018-08-30 09:26:33.23993+00	17	17: yeah I think so too	3		12	1
96	2018-08-30 09:26:33.241562+00	16	16: I like to go to a pub but actually I don't drink a lot	3		12	1
97	2018-08-30 09:26:33.243188+00	15	15: I like to go to pub but actually I don't drink a lot	3		12	1
98	2018-08-30 09:26:33.24459+00	14	14: do you often go to drink	3		12	1
99	2018-08-30 09:26:33.246448+00	13	13: me too I usually drink some beer and talk with my friends	3		12	1
100	2018-08-30 09:26:33.247523+00	12	12: what do you usually do when you go to a pub	3		12	1
101	2018-08-30 09:26:33.248568+00	11	11: I'm excited now	3		12	1
102	2018-08-30 09:26:33.249647+00	10	10: and I also like to talk with people who I don't know	3		12	1
103	2018-08-30 09:26:33.250697+00	9	9: I prefer to talk with people to just dancing. how about you?	3		12	1
104	2018-08-30 09:26:33.251737+00	8	8: there were a lot of people but I knew just few people	3		12	1
105	2018-08-30 09:26:33.252788+00	7	7: there are a lot of people but I knew just few people	3		12	1
106	2018-08-30 09:26:33.253855+00	6	6: but actually I felt bored because nobody talked a lot	3		12	1
107	2018-08-30 09:26:33.254941+00	5	5: but actually I felt boring because nobody talked a lot	3		12	1
108	2018-08-30 09:26:33.255978+00	4	4: I was happy to meet my friend and my friend of friend	3		12	1
109	2018-08-30 09:26:33.25704+00	3	3: yesterday I joined my friend of friends birthday party	3		12	1
110	2018-08-30 09:26:33.258153+00	2	2: yesterday I joined in my friend of friends birthday party	3		12	1
111	2018-08-30 09:26:33.25919+00	1	1: yesterday I join in my friend of friends birthday party	3		12	1
112	2018-08-30 09:26:47.018632+00	89	89: None	3		10	1
113	2018-08-30 09:26:59.951051+00	2	2___john___Mon 27 Aug 18:40___None	3		8	1
114	2018-08-30 09:26:59.952993+00	1	1___nana___Mon 27 Aug 18:54___0	3		8	1
115	2018-08-31 09:13:11.570466+00	2	Fri 31 10:11 -- 16:11	1	[{"added": {}}]	7	1
116	2018-08-31 09:17:15.47823+00	4	4___john___Fri 31 Aug 09:14___None	3		8	1
117	2018-08-31 09:34:43.953576+00	5	5___john___Fri 31 Aug 10:32___None	1	[{"added": {}}]	8	1
118	2018-08-31 10:11:41.882635+00	5	5___john___Fri 31 Aug 10:32___None	2	[{"changed": {"fields": ["topic"]}}]	8	1
119	2018-08-31 10:11:57.327436+00	5	5___john___Fri 31 Aug 10:32___15	2	[{"changed": {"fields": ["end_time"]}}]	8	1
120	2018-08-31 10:12:14.432955+00	5	5___john___Fri 31 Aug 11:10___0	2	[{"changed": {"fields": ["start_time", "end_time"]}}]	8	1
121	2018-08-31 10:46:23.852958+00	5	5___john___Fri 31 Aug 11:44___0	2	[{"changed": {"fields": ["start_time", "topic"]}}]	8	1
122	2018-08-31 10:46:36.730729+00	5	5___john___Fri 31 Aug 11:44___16	2	[{"changed": {"fields": ["end_time"]}}]	8	1
123	2018-08-31 10:49:18.708143+00	112	112: this is the second	3		10	1
124	2018-08-31 10:49:18.711631+00	111	111: this is the first sentence be	3		10	1
125	2018-08-31 10:50:39.090158+00	5	5___john___Fri 31 Aug 11:48___16	2	[{"changed": {"fields": ["start_time", "topic"]}}]	8	1
126	2018-08-31 11:08:51.888954+00	5	5___john___Fri 31 Aug 12:06___16	2	[{"changed": {"fields": ["start_time", "topic"]}}]	8	1
127	2018-08-31 11:09:04.956119+00	117	117: let it go	3		10	1
128	2018-08-31 11:09:04.958136+00	116	116: 9 10 11 12 now	3		10	1
129	2018-08-31 11:09:04.959342+00	115	115: 5 6 7 8	3		10	1
130	2018-08-31 11:09:04.960513+00	114	114: 4 3 2 1	3		10	1
131	2018-08-31 11:09:04.961704+00	113	113: this is the second sentence	3		10	1
132	2018-08-31 13:47:28.471749+00	5	5___john___Fri 31 Aug 14:47___7	2	[{"changed": {"fields": ["start_time", "end_time", "topic"]}}]	8	1
133	2018-08-31 13:47:40.45812+00	5	5___john___Fri 31 Aug 13:47___7	3		8	1
134	2018-08-31 15:05:30.369921+00	7	7___john___Fri 31 Aug 16:05___0	2	[{"changed": {"fields": ["start_time", "end_time", "topic"]}}]	8	1
135	2018-08-31 15:12:21.721615+00	3	Tue 28 10:00 -- 14:00	1	[{"added": {}}]	7	1
136	2018-08-31 15:12:48.930309+00	4	Mon 27 11:30 -- 16:30	1	[{"added": {}}]	7	1
137	2018-08-31 15:13:07.57254+00	2	Fri 31 10:11 -- 17:00	2	[{"changed": {"fields": ["end_availability"]}}]	7	1
138	2018-08-31 15:14:38.812637+00	7	7___john___Fri 31 Aug 16:14___0	2	[{"changed": {"fields": ["start_time", "topic"]}}]	8	1
139	2018-08-31 15:29:28.376761+00	7	7___john___Fri 31 Aug 16:14___70	2	[{"changed": {"fields": ["end_time", "score"]}}]	8	1
140	2018-08-31 15:30:29.389297+00	7	7___john___Fri 31 Aug 16:00___70	2	[{"changed": {"fields": ["start_time", "end_time"]}}]	8	1
141	2018-08-31 15:32:18.028414+00	54	54: do you have to stay up late tonight	3		12	1
142	2018-08-31 15:32:18.030443+00	53	53: Probably I will have to stay up late	3		12	1
143	2018-08-31 15:32:18.031664+00	52	52: I want to finish work soon but I have to do a lot more work	3		12	1
144	2018-08-31 15:32:18.032861+00	51	51: today is Friday	3		12	1
145	2018-08-31 15:32:18.034035+00	50	50: today I am very angry because I have a lot of work to do	3		12	1
146	2018-09-03 12:53:09.63259+00	6	6___nana___Fri 31 Aug 11:17___20	2	[{"changed": {"fields": ["end_time", "score"]}}]	8	1
147	2018-09-03 12:54:05.677798+00	5	Mon 03 13:51 -- 17:00	1	[{"added": {}}]	7	1
148	2018-09-03 13:19:43.057058+00	8	8___john___Mon 03 Sep 14:00___None	2	[{"changed": {"fields": ["topic"]}}]	8	1
149	2018-09-03 13:59:49.449524+00	8	8___john___Mon 03 Sep 13:00___None	3		8	1
150	2018-09-05 14:10:09.463219+00	6	Wed 05 12:00 -- 17:00	1	[{"added": {}}]	7	1
151	2018-09-05 14:10:30.020576+00	7	Tue 04 10:10 -- 14:10	1	[{"added": {}}]	7	1
152	2018-09-05 14:10:57.29078+00	8	Thu 06 10:30 -- 16:00	1	[{"added": {}}]	7	1
153	2018-09-05 14:14:35.301442+00	10	10___john___Wed 05 Sep 14:12___None	3		8	1
154	2018-09-05 15:22:10.502547+00	11	11___john___Wed 05 Sep 14:55___None	3		8	1
155	2018-09-06 12:24:36.827697+00	12	12___nana___Thu 06 Sep 13:24___None	2	[{"changed": {"fields": ["start_time"]}}]	8	1
229	2018-10-23 10:30:03.327502+00	17	jim	3		4	1
156	2018-09-06 12:30:27.123361+00	12	12___nana___Thu 06 Sep 13:29___None	2	[{"changed": {"fields": ["start_time"]}}]	8	1
157	2018-09-06 12:47:06.675119+00	12	12___nana___Thu 06 Sep 13:46___None	2	[{"changed": {"fields": ["start_time"]}}]	8	1
158	2018-09-12 07:11:39.038574+00	14	14___john___Wed 12 Sep 08:11___None	1	[{"added": {}}]	8	1
159	2018-09-12 07:15:15.607197+00	14	14___john___Wed 12 Sep 07:11___None	3		8	1
160	2018-09-12 07:15:57.028087+00	3	Beate	1	[{"added": {}}]	4	1
161	2018-09-12 07:16:11.136755+00	3	Profile object (3)	1	[{"added": {}}]	11	1
162	2018-09-12 07:17:01.907177+00	9	Wed 12 08:16 -- 12:00	1	[{"added": {}}]	7	1
163	2018-09-12 07:17:23.24521+00	9	Wed 12 09:00 -- 12:00	2	[{"changed": {"fields": ["start_availability"]}}]	7	1
164	2018-09-12 08:30:30.722918+00	15	15___Beate___Wed 12 Sep 09:16___20	2	[{"changed": {"fields": ["end_time", "score"]}}]	8	1
165	2018-09-19 14:58:24.254995+00	16	16___nana___Wed 19 Sep 15:58___None	1	[{"added": {}}]	8	1
166	2018-09-25 08:06:31.086922+00	17	17___john___Tue 25 Sep 09:06___None	1	[{"added": {}}]	8	1
167	2018-10-01 11:17:20.357123+00	16	16___nana___Wed 19 Sep 14:58___None	3		8	1
168	2018-10-01 11:17:57.867081+00	17	17___john___Tue 25 Sep 08:06___None	3		8	1
169	2018-10-01 11:21:56.614214+00	10	Mon 01 12:21 -- 13:21	1	[{"added": {}}]	7	1
170	2018-10-02 10:15:31.726025+00	13	13___john___Tue 02 Oct 11:15___0	2	[{"changed": {"fields": ["start_time", "end_time", "topic"]}}]	8	1
171	2018-10-02 10:32:57.051532+00	13	13___john___Tue 02 Oct 11:32___0	2	[{"changed": {"fields": ["start_time"]}}]	8	1
172	2018-10-02 13:16:38.871779+00	13	13___john___Tue 02 Oct 14:16___0	2	[{"changed": {"fields": ["start_time"]}}]	8	1
173	2018-10-02 13:18:12.350492+00	11	Tue 02 14:17 -- 17:17	1	[{"added": {}}]	7	1
174	2018-10-03 14:54:51.126512+00	12	Wed 03 15:54 -- 16:54	1	[{"added": {}}]	7	1
175	2018-10-04 13:43:43.868882+00	13	Thu 04 14:43 -- 15:43	1	[{"added": {}}]	7	1
176	2018-10-04 13:45:52.88273+00	21	21___john___Wed 03 Oct 15:55___4	2	[{"changed": {"fields": ["end_time", "score"]}}]	8	1
177	2018-10-04 13:49:23.547902+00	21	21___john___Thu 04 Oct 13:48___4	2	[{"changed": {"fields": ["start_time"]}}]	8	1
178	2018-10-15 16:43:48.167409+00	14	Mon 15 17:43 -- 19:43	1	[{"added": {}}]	7	1
179	2018-10-15 16:46:01.993745+00	1	Mon 15 Oct 2018 -- Limousine Crash	1	[{"added": {}}]	14	1
180	2018-10-15 16:54:17.458401+00	7	7___john___Fri 31 Aug 16:00___13	2	[{"changed": {"fields": ["learner_emotion"]}}]	8	1
181	2018-10-15 16:54:27.791523+00	13	13___john___Tue 02 Oct 14:16___13	2	[{"changed": {"fields": ["learner_emotion"]}}]	8	1
182	2018-10-15 17:01:36.62997+00	15	Tue 16 11:00 -- 15:00	1	[{"added": {}}]	7	1
183	2018-10-15 17:01:53.668196+00	16	Wed 17 11:00 -- 15:00	1	[{"added": {}}]	7	1
184	2018-10-15 17:02:12.782245+00	17	Thu 18 11:00 -- 15:00	1	[{"added": {}}]	7	1
185	2018-10-15 17:02:37.015494+00	18	Fri 19 11:00 -- 15:00	1	[{"added": {}}]	7	1
186	2018-10-15 18:06:03.399096+00	7	huirt	3		4	1
187	2018-10-15 18:06:03.40097+00	8	jimmy	3		4	1
188	2018-10-16 09:17:34.539203+00	15	Tue 16 11:20 -- 15:00	2	[{"changed": {"fields": ["start_availability"]}}]	7	1
189	2018-10-16 10:00:26.048888+00	15	Tue 16 11:00 -- 15:00	2	[{"changed": {"fields": ["start_availability"]}}]	7	1
190	2018-10-16 10:08:33.923222+00	1	Tue 16 Oct 2018 -- Limousine Crash	2	[{"changed": {"fields": ["date"]}}]	14	1
191	2018-10-17 12:11:21.726826+00	9	johnn	3		4	1
192	2018-10-17 12:11:21.761355+00	10	koko	3		4	1
193	2018-10-17 12:27:12.904245+00	27	27___john___Wed 17 Oct 12:26___None	3		8	1
194	2018-10-17 12:38:58.565014+00	1	Wed 17 Oct 2018 -- Limousine Crash	2	[{"changed": {"fields": ["date"]}}]	14	1
195	2018-10-18 10:05:20.20756+00	1	Thu 18 Oct 2018 -- Limousine Crash	2	[{"changed": {"fields": ["date"]}}]	14	1
196	2018-10-18 10:06:09.336607+00	28	28___john___Thu 18 Oct 10:05___None	3		8	1
197	2018-10-19 09:58:20.441662+00	18	Fri 19 11:00 -- 14:00	2	[{"changed": {"fields": ["end_availability"]}}]	7	1
198	2018-10-19 10:00:22.45571+00	19	Fri 19 10:59 -- 10:59	1	[{"added": {}}]	7	1
199	2018-10-19 10:00:35.239815+00	19	Fri 19 10:59 -- 12:59	2	[{"changed": {"fields": ["end_availability"]}}]	7	1
200	2018-10-19 10:00:47.895415+00	19	Fri 19 10:59 -- 12:59	3		7	1
201	2018-10-19 10:16:04.340294+00	1	Fri 19 Oct 2018 -- Limousine Crash	2	[{"changed": {"fields": ["date"]}}]	14	1
202	2018-10-19 10:51:47.395625+00	253	253: now How we need to do	2	[{"changed": {"fields": ["try_again", "try_again_timestamp"]}}]	10	1
203	2018-10-20 17:58:13.255232+00	20	Mon 22 12:15 -- 15:00	1	[{"added": {}}]	7	1
204	2018-10-20 17:58:36.858272+00	21	Tue 23 11:00 -- 14:00	1	[{"added": {}}]	7	1
205	2018-10-20 17:59:04.690439+00	22	Thu 25 11:00 -- 14:00	1	[{"added": {}}]	7	1
206	2018-10-20 17:59:37.604048+00	23	Fri 26 11:00 -- 14:00	1	[{"added": {}}]	7	1
207	2018-10-21 18:20:54.819922+00	2	Mon 22 Oct 2018 -- Big piece of the moon	1	[{"added": {}}]	14	1
208	2018-10-21 18:21:31.279251+00	3	Tue 23 Oct 2018 -- Floods in Mallorca	1	[{"added": {}}]	14	1
209	2018-10-21 18:22:21.076005+00	4	Wed 24 Oct 2018 -- Dog plays football	1	[{"added": {}}]	14	1
210	2018-10-21 18:22:56.093992+00	5	Thu 25 Oct 2018 -- Halloween at Chicago Zoo	1	[{"added": {}}]	14	1
211	2018-10-21 18:23:33.570171+00	6	Fri 26 Oct 2018 -- Ostrich on a highway	1	[{"added": {}}]	14	1
212	2018-10-22 05:29:55.825172+00	20	Mon 22 12:15 -- 15:00	3		7	1
213	2018-10-22 13:25:49.018272+00	24	Mon 22 14:25 -- 14:35	1	[{"added": {}}]	7	1
214	2018-10-22 13:35:36.740138+00	32	32___nana___Mon 22 Oct 14:33___None	2	[{"changed": {"fields": ["topic"]}}]	8	1
215	2018-10-22 19:16:30.099146+00	24	Mon 22 20:16 -- 20:19	2	[{"changed": {"fields": ["start_availability", "end_availability"]}}]	7	1
216	2018-10-22 19:18:09.300089+00	24	Mon 22 20:18 -- 21:19	2	[{"changed": {"fields": ["start_availability", "end_availability"]}}]	7	1
217	2018-10-22 19:22:03.857249+00	33	33___koko___Mon 22 Oct 19:18___0	3		8	1
218	2018-10-22 19:26:06.128808+00	34	34___koko___Mon 22 Oct 19:22___0	3		8	1
219	2018-10-22 19:28:47.864341+00	35	35___koko___Mon 22 Oct 19:26___0	3		8	1
220	2018-10-22 19:45:43.954551+00	36	36___koko___Mon 22 Oct 20:19___None	2	[{"changed": {"fields": ["start_time"]}}]	8	1
221	2018-10-22 20:29:21.64933+00	24	Mon 22 21:29 -- 21:39	2	[{"changed": {"fields": ["start_availability", "end_availability"]}}]	7	1
222	2018-10-22 20:29:49.364237+00	36	36___koko___Mon 22 Oct 19:19___47	3		8	1
223	2018-10-22 20:51:25.559273+00	37	37___koko___Mon 22 Oct 21:19___None	2	[{"changed": {"fields": ["start_time"]}}]	8	1
224	2018-10-22 20:55:02.870976+00	14	koko	3		4	1
225	2018-10-23 10:18:59.299952+00	17	jim	1	[{"added": {}}]	4	1
226	2018-10-23 10:19:42.653458+00	15	kokono	3		4	1
227	2018-10-23 10:19:42.655218+00	16	momo	3		4	1
228	2018-10-23 10:21:49.184255+00	17	Profile object (17)	1	[{"added": {}}]	11	1
230	2018-10-23 11:55:09.817761+00	41	41___john___Tue 23 Oct 11:53___None	3		8	1
231	2018-10-23 11:56:43.649075+00	30	30___Emily Wu___Thu 18 Oct 12:09___60	2	[{"changed": {"fields": ["score"]}}]	8	1
232	2018-10-23 11:58:25.68249+00	30	30___Emily Wu___Thu 18 Oct 12:09___61	2	[{"changed": {"fields": ["score"]}}]	8	1
233	2018-10-23 13:47:26.487362+00	13	Profile object (13)	2	[{"changed": {"fields": ["language"]}}]	11	1
234	2018-10-23 13:48:49.832785+00	21	Tue 23 11:00 -- 15:00	2	[{"changed": {"fields": ["end_availability"]}}]	7	1
235	2018-10-23 13:59:38.524713+00	295	295: None	3		10	1
236	2018-10-23 14:09:33.388444+00	301	301: None	3		10	1
237	2018-10-23 14:21:09.339204+00	210	210: today I have an accounting question but I didn't understand what the teacher is talking about	2	[{"changed": {"fields": ["sentence"]}}]	12	1
238	2018-10-23 14:21:18.568601+00	211	211: today I had  an accounting question but I didn't understand what the teacher was talking about	2	[{"changed": {"fields": ["sentence"]}}]	12	1
239	2018-10-23 14:26:41.605405+00	24	Mon 22 21:29 -- 21:39	3		7	1
240	2018-10-25 08:07:03.064956+00	22	Thu 25 11:45 -- 14:00	2	[{"changed": {"fields": ["start_availability"]}}]	7	1
241	2018-10-26 09:45:51.85265+00	23	Fri 26 11:45 -- 14:00	2	[{"changed": {"fields": ["start_availability"]}}]	7	1
242	2018-10-26 10:43:44.358273+00	23	Fri 26 11:43 -- 14:00	2	[{"changed": {"fields": ["start_availability"]}}]	7	1
243	2018-10-26 10:52:31.7227+00	43	43___koko___Fri 26 Oct 11:44___33	2	[{"changed": {"fields": ["end_time"]}}]	8	1
244	2018-10-26 11:26:49.668763+00	19	koko	3		4	1
245	2018-10-26 11:49:49.766339+00	44	44___nana___Fri 26 Oct 12:32___24	2	[{"changed": {"fields": ["end_time"]}}]	8	1
246	2018-10-26 11:52:38.58023+00	44	44___nana___Fri 26 Oct 11:32___34	3		8	1
247	2018-10-26 12:26:55.231864+00	20	Profile object (20)	3		11	1
248	2018-10-29 17:39:09.56223+00	1	FengChia	1	[{"added": {}}]	3	1
249	2018-10-30 07:33:44.21575+00	25	Tue 30 08:32 -- 08:42	1	[{"added": {}}]	7	1
250	2018-10-30 07:48:58.689265+00	25	Tue 30 07:49 -- 07:59	2	[{"changed": {"fields": ["start_availability", "end_availability"]}}]	7	1
251	2018-10-30 07:54:54.415305+00	25	Tue 30 07:49 -- 07:59	3		7	1
252	2018-10-30 07:56:13.166458+00	26	Tue 30 10:00 -- 11:00	1	[{"added": {}}]	7	1
253	2018-10-30 07:56:40.435976+00	27	Wed 31 11:00 -- 13:00	1	[{"added": {}}]	7	1
254	2018-10-30 07:57:02.344917+00	28	Thu 01 11:00 -- 14:00	1	[{"added": {}}]	7	1
255	2018-10-30 07:57:22.724672+00	46	46___john___Tue 30 Oct 07:49___None	3		8	1
256	2018-10-30 08:01:14.322766+00	26	Tue 30 10:00 -- 13:00	2	[{"changed": {"fields": ["end_availability"]}}]	7	1
257	2018-10-30 08:02:08.350969+00	6	Tue 30 Oct 2018 -- Ostrich on a highway	2	[{"changed": {"fields": ["date"]}}]	14	1
258	2018-10-30 08:02:16.972993+00	5	Wed 31 Oct 2018 -- Halloween at Chicago Zoo	2	[{"changed": {"fields": ["date"]}}]	14	1
259	2018-10-30 08:02:22.818196+00	4	Thu 01 Nov 2018 -- Dog plays football	2	[{"changed": {"fields": ["date"]}}]	14	1
260	2018-10-30 08:02:31.183795+00	3	Fri 02 Nov 2018 -- Floods in Mallorca	2	[{"changed": {"fields": ["date"]}}]	14	1
261	2018-10-30 08:51:07.357821+00	29	Tue 30 08:51 -- 09:51	1	[{"added": {}}]	7	1
262	2018-10-30 08:51:28.514397+00	29	Tue 30 08:51 -- 09:51	3		7	1
263	2018-10-30 09:15:11.915947+00	26	Tue 30 09:15 -- 13:00	2	[{"changed": {"fields": ["start_availability"]}}]	7	1
264	2018-10-30 09:15:43.362825+00	47	47___john___Tue 30 Oct 09:15___None	2	[{"changed": {"fields": ["learner_emotion", "topic"]}}]	8	1
265	2018-10-30 09:16:10.420681+00	47	47___john___Tue 30 Oct 09:15___None	3		8	1
266	2018-10-30 11:46:07.653796+00	26	Tue 30 09:15 -- 11:46	2	[{"changed": {"fields": ["end_availability"]}}]	7	1
267	2018-10-30 13:31:16.548086+00	2	nana	2	[{"changed": {"fields": ["groups"]}}]	4	1
268	2018-10-30 13:31:52.341322+00	2	nana	2	[{"changed": {"fields": ["groups"]}}]	4	1
269	2018-10-30 14:52:47.56888+00	224	224: maybe I will go another restaurant with them next week	2	[{"changed": {"fields": ["sentence"]}}]	12	1
270	2018-10-30 14:53:53.164464+00	225	225: maybe I will go to another restaurants with them next week	2	[{"changed": {"fields": ["sentence"]}}]	12	1
271	2018-10-30 14:59:04.235392+00	20	Angel	2	[{"changed": {"fields": ["groups"]}}]	4	1
272	2018-10-30 14:59:12.827883+00	18	D0531511	2	[{"changed": {"fields": ["groups"]}}]	4	1
273	2018-10-30 14:59:26.462473+00	11	EmilyWu	2	[{"changed": {"fields": ["username", "groups"]}}]	4	1
274	2018-10-30 14:59:36.574111+00	13	Kevin	2	[{"changed": {"fields": ["groups"]}}]	4	1
275	2018-10-30 14:59:54.380307+00	21	Sirii1412	2	[{"changed": {"fields": ["groups"]}}]	4	1
276	2018-11-01 12:52:32.773556+00	5	Thu 01 Nov 2018 -- Halloween at Chicago Zoo	2	[{"changed": {"fields": ["date"]}}]	14	1
277	2018-11-01 12:52:57.345836+00	49	49___nana___Thu 01 Nov 12:39___None	3		8	1
278	2018-11-02 11:49:59.391645+00	30	Fri 02 11:50 -- 12:30	1	[{"added": {}}]	7	1
279	2018-11-02 11:50:20.859535+00	3	Fri 02 Nov 2018 -- Floods in Mallorca	2	[]	14	1
280	2018-11-02 12:16:29.709734+00	30	Fri 02 11:50 -- 12:40	2	[{"changed": {"fields": ["end_availability"]}}]	7	1
281	2018-11-02 13:34:26.933926+00	23	WhoAmI	3		4	1
282	2018-11-02 13:34:44.579309+00	25	joseph	1	[{"added": {}}]	4	1
283	2018-11-02 13:35:15.172209+00	25	joseph	3		4	1
284	2018-11-03 14:52:53.997215+00	51	51___nana___Sat 03 Nov 14:52___None	1	[{"added": {}}]	8	1
285	2018-11-03 14:54:39.325523+00	51	51___nana___Sat 03 Nov 14:52___None	3		8	1
286	2018-11-05 12:12:28.119555+00	31	Mon 05 20:16 -- 20:56	1	[{"added": {}}]	7	1
287	2018-11-05 12:12:56.576073+00	31	Mon 05 12:11 -- 12:30	2	[{"changed": {"fields": ["start_availability", "end_availability"]}}]	7	1
288	2018-11-05 12:14:25.123934+00	2	Mon 05 Nov 2018 -- Big piece of the moon	2	[{"changed": {"fields": ["date"]}}]	14	1
289	2018-11-05 13:45:28.899351+00	31	Mon 05 16:30 -- 18:00	2	[{"changed": {"fields": ["start_availability", "end_availability"]}}]	7	1
290	2018-11-05 13:46:02.810505+00	32	Tue 06 12:00 -- 15:00	1	[{"added": {}}]	7	1
291	2018-11-05 13:46:23.546403+00	33	Thu 08 12:00 -- 15:00	1	[{"added": {}}]	7	1
292	2018-11-05 16:38:07.504001+00	57	57___ 17210194___Mon 05 Nov 16:36___0	3		8	1
293	2018-11-05 16:38:07.506153+00	56	56___May___Mon 05 Nov 16:34___0	3		8	1
294	2018-11-05 16:41:47.38936+00	58	58___ 17210194___Mon 05 Nov 16:38___0	3		8	1
295	2018-11-06 10:38:21.892873+00	32	Tue 06 13:30 -- 15:00	2	[{"changed": {"fields": ["start_availability"]}}]	7	1
296	2018-11-06 13:23:28.265078+00	2	Tue 06 Nov 2018 -- Big piece of the moon	2	[{"changed": {"fields": ["date"]}}]	14	1
297	2018-11-06 13:23:35.308717+00	32	Tue 06 13:23 -- 15:00	2	[{"changed": {"fields": ["start_availability"]}}]	7	1
298	2018-11-07 11:41:47.580108+00	34	Wed 07 11:40 -- 11:50	1	[{"added": {}}]	7	1
299	2018-11-07 12:32:02.551665+00	34	Wed 07 11:40 -- 11:50	3		7	1
300	2018-11-07 12:47:09.157458+00	35	Wed 07 12:47 -- 12:57	1	[{"added": {}}]	7	1
301	2018-11-07 12:50:44.377956+00	61	61___nana___Wed 07 Nov 11:42___75	3		8	1
302	2018-11-07 14:57:22.926697+00	62	62___nana___Wed 07 Nov 14:57___35	2	[{"changed": {"fields": ["start_time", "end_time"]}}]	8	1
303	2018-11-08 13:12:25.060553+00	33	Thu 08 12:00 -- 15:00	3		7	1
304	2018-11-08 13:29:20.349467+00	36	Thu 08 14:30 -- 15:30	1	[{"added": {}}]	7	1
305	2018-11-08 14:54:14.694511+00	36	Thu 08 14:30 -- 15:30	2	[]	7	1
306	2018-11-08 14:54:49.025536+00	36	Thu 08 14:30 -- 17:30	2	[{"changed": {"fields": ["end_availability"]}}]	7	1
307	2018-11-08 14:56:56.507194+00	3	Thu 08 Nov 2018 -- Floods in Mallorca	2	[{"changed": {"fields": ["date"]}}]	14	1
308	2018-11-09 13:07:57.393275+00	31	 17210194	3		4	1
309	2018-11-09 13:07:57.395194+00	29	18200793	3		4	1
310	2018-11-10 13:56:18.765426+00	64	64___nana___Sat 10 Nov 13:56___None	1	[{"added": {}}]	8	1
311	2018-11-10 15:19:59.176176+00	64	64___nana___Sat 10 Nov 15:20___0	2	[{"changed": {"fields": ["start_time", "end_time"]}}]	8	1
312	2018-11-10 17:13:39.089327+00	64	64___nana___Sat 10 Nov 17:13___0	2	[{"changed": {"fields": ["start_time", "end_time"]}}]	8	1
313	2018-11-13 13:12:48.057771+00	37	Tue 13 13:30 -- 14:30	1	[{"added": {}}]	7	1
314	2018-11-13 13:13:18.008367+00	64	64___nana___Sat 10 Nov 17:13___0	3		8	1
315	2018-11-14 10:39:33.089879+00	38	Wed 14 11:25 -- 12:30	1	[{"added": {}}]	7	1
\.


--
-- Name: django_admin_log_id_seq; Type: SEQUENCE SET; Schema: public; Owner: john
--

SELECT pg_catalog.setval('public.django_admin_log_id_seq', 315, true);


--
-- Data for Name: django_content_type; Type: TABLE DATA; Schema: public; Owner: john
--

COPY public.django_content_type (id, app_label, model) FROM stdin;
1	admin	logentry
2	auth	permission
3	auth	group
4	auth	user
5	contenttypes	contenttype
6	sessions	session
7	face	available
8	face	session
9	face	audiofile
10	face	sentence
11	face	profile
12	face	permsentence
13	face	permaudiofile
14	face	newsarticle
15	face	permpronunciationrequest
16	face	pronunciationrequest
\.


--
-- Name: django_content_type_id_seq; Type: SEQUENCE SET; Schema: public; Owner: john
--

SELECT pg_catalog.setval('public.django_content_type_id_seq', 16, true);


--
-- Data for Name: django_migrations; Type: TABLE DATA; Schema: public; Owner: john
--

COPY public.django_migrations (id, app, name, applied) FROM stdin;
1	contenttypes	0001_initial	2018-08-15 11:49:57.953241+00
2	auth	0001_initial	2018-08-15 11:49:58.006742+00
3	admin	0001_initial	2018-08-15 11:49:58.035448+00
4	admin	0002_logentry_remove_auto_add	2018-08-15 11:49:58.045832+00
5	contenttypes	0002_remove_content_type_name	2018-08-15 11:49:58.068616+00
6	auth	0002_alter_permission_name_max_length	2018-08-15 11:49:58.07504+00
7	auth	0003_alter_user_email_max_length	2018-08-15 11:49:58.086054+00
8	auth	0004_alter_user_username_opts	2018-08-15 11:49:58.096465+00
9	auth	0005_alter_user_last_login_null	2018-08-15 11:49:58.107872+00
10	auth	0006_require_contenttypes_0002	2018-08-15 11:49:58.109735+00
11	auth	0007_alter_validators_add_error_messages	2018-08-15 11:49:58.1201+00
12	auth	0008_alter_user_username_max_length	2018-08-15 11:49:58.142873+00
13	auth	0009_alter_user_last_name_max_length	2018-08-15 11:49:58.15382+00
14	face	0001_initial	2018-08-15 11:49:58.208151+00
15	face	0002_session_audio	2018-08-15 11:49:58.224662+00
16	face	0003_auto_20180616_2023	2018-08-15 11:49:58.323143+00
17	face	0004_auto_20180622_1527	2018-08-15 11:49:58.415011+00
18	face	0005_auto_20180622_1536	2018-08-15 11:49:58.428652+00
19	face	0006_auto_20180710_0905	2018-08-15 11:49:58.452907+00
20	face	0007_auto_20180710_1255	2018-08-15 11:49:58.466621+00
21	face	0008_auto_20180714_1005	2018-08-15 11:49:58.481186+00
22	face	0009_auto_20180716_1348	2018-08-15 11:49:58.494416+00
23	face	0010_sentence_whats_wrong_timestamp	2018-08-15 11:49:58.512569+00
24	face	0011_auto_20180721_1508	2018-08-15 11:49:58.525387+00
25	face	0012_auto_20180723_1525	2018-08-15 11:49:58.564864+00
26	face	0013_auto_20180723_1542	2018-08-15 11:49:58.594573+00
27	face	0014_auto_20180724_1157	2018-08-15 11:49:58.657295+00
28	face	0015_auto_20180726_1934	2018-08-15 11:49:58.745574+00
29	face	0016_auto_20180730_1201	2018-08-15 11:49:58.760015+00
30	face	0017_auto_20180806_2336	2018-08-15 11:49:58.803461+00
31	face	0018_auto_20180806_2341	2018-08-15 11:49:58.818631+00
32	face	0019_auto_20180807_2052	2018-08-15 11:49:58.845602+00
33	sessions	0001_initial	2018-08-15 11:49:58.853928+00
34	face	0020_sentence_question	2018-08-18 12:24:11.058409+00
35	face	0021_profile	2018-08-21 20:58:49.167677+00
36	face	0022_permsentence	2018-08-27 15:56:52.712127+00
37	face	0023_auto_20180828_1249	2018-08-30 09:25:34.838244+00
38	face	0024_auto_20180829_1400	2018-08-30 09:25:34.85906+00
39	face	0025_auto_20180829_1415	2018-08-30 09:25:34.879606+00
40	face	0026_auto_20180907_1804	2018-10-03 15:04:31.758979+00
41	face	0027_auto_20180907_1834	2018-10-03 15:04:31.853439+00
42	face	0028_auto_20180907_1938	2018-10-03 15:04:31.871958+00
43	face	0029_auto_20180907_1945	2018-10-03 15:04:31.904691+00
44	face	0030_profile_consent	2018-10-03 15:04:31.92791+00
45	face	0031_newsarticle	2018-10-09 16:53:02.270815+00
46	face	0032_profile_english_level	2018-10-09 16:53:02.288845+00
47	face	0033_auto_20181021_1619	2018-10-21 18:13:56.293929+00
48	face	0034_auto_20181021_1751	2018-10-21 18:13:56.372755+00
49	face	0035_auto_20181101_1249	2018-11-01 12:49:52.155423+00
\.


--
-- Name: django_migrations_id_seq; Type: SEQUENCE SET; Schema: public; Owner: john
--

SELECT pg_catalog.setval('public.django_migrations_id_seq', 49, true);


--
-- Data for Name: django_session; Type: TABLE DATA; Schema: public; Owner: john
--

COPY public.django_session (session_key, session_data, expire_date) FROM stdin;
yfn15x82d4n8echzp4urm8zqu38674pz	MDI2N2QxMGQzY2VkNWVmMTg5MGM3ODljMTE3YmQ4YzAwY2U4ZWE3YTp7Il9hdXRoX3VzZXJfaWQiOiIxIiwiX2F1dGhfdXNlcl9iYWNrZW5kIjoiZGphbmdvLmNvbnRyaWIuYXV0aC5iYWNrZW5kcy5Nb2RlbEJhY2tlbmQiLCJfYXV0aF91c2VyX2hhc2giOiIwMTUwMmMxOWM2YTRhZTk1MGE1YTA5OTEzMDc0NzljZWFkODdlODZkIn0=	2018-08-29 12:55:39.476401+00
1lmjhfmld3fh66arouieu5m2sbas1o6p	MDI2N2QxMGQzY2VkNWVmMTg5MGM3ODljMTE3YmQ4YzAwY2U4ZWE3YTp7Il9hdXRoX3VzZXJfaWQiOiIxIiwiX2F1dGhfdXNlcl9iYWNrZW5kIjoiZGphbmdvLmNvbnRyaWIuYXV0aC5iYWNrZW5kcy5Nb2RlbEJhY2tlbmQiLCJfYXV0aF91c2VyX2hhc2giOiIwMTUwMmMxOWM2YTRhZTk1MGE1YTA5OTEzMDc0NzljZWFkODdlODZkIn0=	2018-11-08 08:06:51.58185+00
rsfex5qcz5g59wwo8fkll31mshz54u2l	ZjA5YzlmMzg0YmEyODA3YmMxZDNkYWY0NWFhZTNjZWU3YjRmNzI3NTp7Il9hdXRoX3VzZXJfaWQiOiIyIiwiX2F1dGhfdXNlcl9iYWNrZW5kIjoiZGphbmdvLmNvbnRyaWIuYXV0aC5iYWNrZW5kcy5Nb2RlbEJhY2tlbmQiLCJfYXV0aF91c2VyX2hhc2giOiI4ZjAyZjRkMmUzYTA1YzRhYjNiOTk1N2RkNTNkZThjOTljNzY2NDFiIn0=	2018-08-29 15:51:01.512629+00
fdga9wf2i92d5s92ufbftyuw9qbdy6x9	ZjA5YzlmMzg0YmEyODA3YmMxZDNkYWY0NWFhZTNjZWU3YjRmNzI3NTp7Il9hdXRoX3VzZXJfaWQiOiIyIiwiX2F1dGhfdXNlcl9iYWNrZW5kIjoiZGphbmdvLmNvbnRyaWIuYXV0aC5iYWNrZW5kcy5Nb2RlbEJhY2tlbmQiLCJfYXV0aF91c2VyX2hhc2giOiI4ZjAyZjRkMmUzYTA1YzRhYjNiOTk1N2RkNTNkZThjOTljNzY2NDFiIn0=	2018-08-29 21:24:31.325767+00
ntp61iqjoklewlvo15354a4frl6s6e95	MDI2N2QxMGQzY2VkNWVmMTg5MGM3ODljMTE3YmQ4YzAwY2U4ZWE3YTp7Il9hdXRoX3VzZXJfaWQiOiIxIiwiX2F1dGhfdXNlcl9iYWNrZW5kIjoiZGphbmdvLmNvbnRyaWIuYXV0aC5iYWNrZW5kcy5Nb2RlbEJhY2tlbmQiLCJfYXV0aF91c2VyX2hhc2giOiIwMTUwMmMxOWM2YTRhZTk1MGE1YTA5OTEzMDc0NzljZWFkODdlODZkIn0=	2018-10-15 11:17:07.961451+00
2uo7e7waz1gz58uwfdqrundc76dk71ua	ZjA5YzlmMzg0YmEyODA3YmMxZDNkYWY0NWFhZTNjZWU3YjRmNzI3NTp7Il9hdXRoX3VzZXJfaWQiOiIyIiwiX2F1dGhfdXNlcl9iYWNrZW5kIjoiZGphbmdvLmNvbnRyaWIuYXV0aC5iYWNrZW5kcy5Nb2RlbEJhY2tlbmQiLCJfYXV0aF91c2VyX2hhc2giOiI4ZjAyZjRkMmUzYTA1YzRhYjNiOTk1N2RkNTNkZThjOTljNzY2NDFiIn0=	2018-09-01 10:18:42.340194+00
qy7uiqvchve9j2fk4l0ddd95hai0venu	ZjA5YzlmMzg0YmEyODA3YmMxZDNkYWY0NWFhZTNjZWU3YjRmNzI3NTp7Il9hdXRoX3VzZXJfaWQiOiIyIiwiX2F1dGhfdXNlcl9iYWNrZW5kIjoiZGphbmdvLmNvbnRyaWIuYXV0aC5iYWNrZW5kcy5Nb2RlbEJhY2tlbmQiLCJfYXV0aF91c2VyX2hhc2giOiI4ZjAyZjRkMmUzYTA1YzRhYjNiOTk1N2RkNTNkZThjOTljNzY2NDFiIn0=	2018-09-01 10:36:40.366794+00
b2gn4jdb3q0ir2m8p52o7jeyezfv65l7	ZjA5YzlmMzg0YmEyODA3YmMxZDNkYWY0NWFhZTNjZWU3YjRmNzI3NTp7Il9hdXRoX3VzZXJfaWQiOiIyIiwiX2F1dGhfdXNlcl9iYWNrZW5kIjoiZGphbmdvLmNvbnRyaWIuYXV0aC5iYWNrZW5kcy5Nb2RlbEJhY2tlbmQiLCJfYXV0aF91c2VyX2hhc2giOiI4ZjAyZjRkMmUzYTA1YzRhYjNiOTk1N2RkNTNkZThjOTljNzY2NDFiIn0=	2018-09-01 11:00:32.575754+00
lgml2fqyp05en71v993zzirt6pl1d26n	ZjA5YzlmMzg0YmEyODA3YmMxZDNkYWY0NWFhZTNjZWU3YjRmNzI3NTp7Il9hdXRoX3VzZXJfaWQiOiIyIiwiX2F1dGhfdXNlcl9iYWNrZW5kIjoiZGphbmdvLmNvbnRyaWIuYXV0aC5iYWNrZW5kcy5Nb2RlbEJhY2tlbmQiLCJfYXV0aF91c2VyX2hhc2giOiI4ZjAyZjRkMmUzYTA1YzRhYjNiOTk1N2RkNTNkZThjOTljNzY2NDFiIn0=	2018-09-01 11:02:05.95428+00
11jxekwknzgnqct2z9u4ahfe2j8yvlhr	MDI2N2QxMGQzY2VkNWVmMTg5MGM3ODljMTE3YmQ4YzAwY2U4ZWE3YTp7Il9hdXRoX3VzZXJfaWQiOiIxIiwiX2F1dGhfdXNlcl9iYWNrZW5kIjoiZGphbmdvLmNvbnRyaWIuYXV0aC5iYWNrZW5kcy5Nb2RlbEJhY2tlbmQiLCJfYXV0aF91c2VyX2hhc2giOiIwMTUwMmMxOWM2YTRhZTk1MGE1YTA5OTEzMDc0NzljZWFkODdlODZkIn0=	2018-09-19 14:58:51.864075+00
b5whlt01uov0yjetll99pp41rz9v1lgh	MDI2N2QxMGQzY2VkNWVmMTg5MGM3ODljMTE3YmQ4YzAwY2U4ZWE3YTp7Il9hdXRoX3VzZXJfaWQiOiIxIiwiX2F1dGhfdXNlcl9iYWNrZW5kIjoiZGphbmdvLmNvbnRyaWIuYXV0aC5iYWNrZW5kcy5Nb2RlbEJhY2tlbmQiLCJfYXV0aF91c2VyX2hhc2giOiIwMTUwMmMxOWM2YTRhZTk1MGE1YTA5OTEzMDc0NzljZWFkODdlODZkIn0=	2018-09-19 16:47:08.290459+00
w446ocdjy3wqal2kckbwqn90o9tmlfu2	MDI2N2QxMGQzY2VkNWVmMTg5MGM3ODljMTE3YmQ4YzAwY2U4ZWE3YTp7Il9hdXRoX3VzZXJfaWQiOiIxIiwiX2F1dGhfdXNlcl9iYWNrZW5kIjoiZGphbmdvLmNvbnRyaWIuYXV0aC5iYWNrZW5kcy5Nb2RlbEJhY2tlbmQiLCJfYXV0aF91c2VyX2hhc2giOiIwMTUwMmMxOWM2YTRhZTk1MGE1YTA5OTEzMDc0NzljZWFkODdlODZkIn0=	2018-09-19 16:47:08.29463+00
vmimouyvevgjjpx6h3let6ew0yf8p1p8	ZjA5YzlmMzg0YmEyODA3YmMxZDNkYWY0NWFhZTNjZWU3YjRmNzI3NTp7Il9hdXRoX3VzZXJfaWQiOiIyIiwiX2F1dGhfdXNlcl9iYWNrZW5kIjoiZGphbmdvLmNvbnRyaWIuYXV0aC5iYWNrZW5kcy5Nb2RlbEJhY2tlbmQiLCJfYXV0aF91c2VyX2hhc2giOiI4ZjAyZjRkMmUzYTA1YzRhYjNiOTk1N2RkNTNkZThjOTljNzY2NDFiIn0=	2018-09-04 21:02:48.113024+00
5nand8qhk4hucckm16ldpr6ua0lf7fof	ZjA5YzlmMzg0YmEyODA3YmMxZDNkYWY0NWFhZTNjZWU3YjRmNzI3NTp7Il9hdXRoX3VzZXJfaWQiOiIyIiwiX2F1dGhfdXNlcl9iYWNrZW5kIjoiZGphbmdvLmNvbnRyaWIuYXV0aC5iYWNrZW5kcy5Nb2RlbEJhY2tlbmQiLCJfYXV0aF91c2VyX2hhc2giOiI4ZjAyZjRkMmUzYTA1YzRhYjNiOTk1N2RkNTNkZThjOTljNzY2NDFiIn0=	2018-09-04 21:05:40.028442+00
z0k866xq62afphwotrxdw0d2mg4mp68f	ZjA5YzlmMzg0YmEyODA3YmMxZDNkYWY0NWFhZTNjZWU3YjRmNzI3NTp7Il9hdXRoX3VzZXJfaWQiOiIyIiwiX2F1dGhfdXNlcl9iYWNrZW5kIjoiZGphbmdvLmNvbnRyaWIuYXV0aC5iYWNrZW5kcy5Nb2RlbEJhY2tlbmQiLCJfYXV0aF91c2VyX2hhc2giOiI4ZjAyZjRkMmUzYTA1YzRhYjNiOTk1N2RkNTNkZThjOTljNzY2NDFiIn0=	2018-09-20 12:18:10.124297+00
gesomjdtlmqxsq6yfflcjugdbvr2pyob	ZjA5YzlmMzg0YmEyODA3YmMxZDNkYWY0NWFhZTNjZWU3YjRmNzI3NTp7Il9hdXRoX3VzZXJfaWQiOiIyIiwiX2F1dGhfdXNlcl9iYWNrZW5kIjoiZGphbmdvLmNvbnRyaWIuYXV0aC5iYWNrZW5kcy5Nb2RlbEJhY2tlbmQiLCJfYXV0aF91c2VyX2hhc2giOiI4ZjAyZjRkMmUzYTA1YzRhYjNiOTk1N2RkNTNkZThjOTljNzY2NDFiIn0=	2018-09-05 22:07:23.492618+00
zacmw2kqax9c1pndv0ajp8ifi947knmb	ZjA5YzlmMzg0YmEyODA3YmMxZDNkYWY0NWFhZTNjZWU3YjRmNzI3NTp7Il9hdXRoX3VzZXJfaWQiOiIyIiwiX2F1dGhfdXNlcl9iYWNrZW5kIjoiZGphbmdvLmNvbnRyaWIuYXV0aC5iYWNrZW5kcy5Nb2RlbEJhY2tlbmQiLCJfYXV0aF91c2VyX2hhc2giOiI4ZjAyZjRkMmUzYTA1YzRhYjNiOTk1N2RkNTNkZThjOTljNzY2NDFiIn0=	2018-09-05 22:13:31.770133+00
qsnxl2iatqq4613vi4npsqi74uc2d85v	MDI2N2QxMGQzY2VkNWVmMTg5MGM3ODljMTE3YmQ4YzAwY2U4ZWE3YTp7Il9hdXRoX3VzZXJfaWQiOiIxIiwiX2F1dGhfdXNlcl9iYWNrZW5kIjoiZGphbmdvLmNvbnRyaWIuYXV0aC5iYWNrZW5kcy5Nb2RlbEJhY2tlbmQiLCJfYXV0aF91c2VyX2hhc2giOiIwMTUwMmMxOWM2YTRhZTk1MGE1YTA5OTEzMDc0NzljZWFkODdlODZkIn0=	2018-09-20 12:31:48.944509+00
bfw7l1ea1f5d6sur5jx0vuox66jus3gf	ZjA5YzlmMzg0YmEyODA3YmMxZDNkYWY0NWFhZTNjZWU3YjRmNzI3NTp7Il9hdXRoX3VzZXJfaWQiOiIyIiwiX2F1dGhfdXNlcl9iYWNrZW5kIjoiZGphbmdvLmNvbnRyaWIuYXV0aC5iYWNrZW5kcy5Nb2RlbEJhY2tlbmQiLCJfYXV0aF91c2VyX2hhc2giOiI4ZjAyZjRkMmUzYTA1YzRhYjNiOTk1N2RkNTNkZThjOTljNzY2NDFiIn0=	2018-09-13 10:04:19.848631+00
283pp6dw8ly7c7y7p99o79ihdwto0avh	MDI2N2QxMGQzY2VkNWVmMTg5MGM3ODljMTE3YmQ4YzAwY2U4ZWE3YTp7Il9hdXRoX3VzZXJfaWQiOiIxIiwiX2F1dGhfdXNlcl9iYWNrZW5kIjoiZGphbmdvLmNvbnRyaWIuYXV0aC5iYWNrZW5kcy5Nb2RlbEJhY2tlbmQiLCJfYXV0aF91c2VyX2hhc2giOiIwMTUwMmMxOWM2YTRhZTk1MGE1YTA5OTEzMDc0NzljZWFkODdlODZkIn0=	2018-09-26 07:16:50.343994+00
hj6w22c6d2h7ta9wkwiv4pcu00q46ao5	ZGY0NGVhOTM4N2YyNTMwYzM4ZmU0N2M5YjA0ZDIxYzBjOTM3MDViOTp7Il9hdXRoX3VzZXJfaWQiOiIzIiwiX2F1dGhfdXNlcl9iYWNrZW5kIjoiZGphbmdvLmNvbnRyaWIuYXV0aC5iYWNrZW5kcy5Nb2RlbEJhY2tlbmQiLCJfYXV0aF91c2VyX2hhc2giOiIzMjJkZTY3YzYzNzU4ZWZkYjg4MGFiOTUxOGYxZjE3NWQyY2JhYThmIn0=	2018-09-28 15:18:39.612573+00
evy6j3bosf7h0j9ug0n8b27p54ng6995	MDI2N2QxMGQzY2VkNWVmMTg5MGM3ODljMTE3YmQ4YzAwY2U4ZWE3YTp7Il9hdXRoX3VzZXJfaWQiOiIxIiwiX2F1dGhfdXNlcl9iYWNrZW5kIjoiZGphbmdvLmNvbnRyaWIuYXV0aC5iYWNrZW5kcy5Nb2RlbEJhY2tlbmQiLCJfYXV0aF91c2VyX2hhc2giOiIwMTUwMmMxOWM2YTRhZTk1MGE1YTA5OTEzMDc0NzljZWFkODdlODZkIn0=	2018-10-03 14:58:11.059687+00
6tfcexvgooi2zs4654lcsk5uokhx0921	ZjA5YzlmMzg0YmEyODA3YmMxZDNkYWY0NWFhZTNjZWU3YjRmNzI3NTp7Il9hdXRoX3VzZXJfaWQiOiIyIiwiX2F1dGhfdXNlcl9iYWNrZW5kIjoiZGphbmdvLmNvbnRyaWIuYXV0aC5iYWNrZW5kcy5Nb2RlbEJhY2tlbmQiLCJfYXV0aF91c2VyX2hhc2giOiI4ZjAyZjRkMmUzYTA1YzRhYjNiOTk1N2RkNTNkZThjOTljNzY2NDFiIn0=	2018-10-04 09:43:06.488302+00
1kkn703fiyd9jfwb3f9f1k87yosj33h2	MDI2N2QxMGQzY2VkNWVmMTg5MGM3ODljMTE3YmQ4YzAwY2U4ZWE3YTp7Il9hdXRoX3VzZXJfaWQiOiIxIiwiX2F1dGhfdXNlcl9iYWNrZW5kIjoiZGphbmdvLmNvbnRyaWIuYXV0aC5iYWNrZW5kcy5Nb2RlbEJhY2tlbmQiLCJfYXV0aF91c2VyX2hhc2giOiIwMTUwMmMxOWM2YTRhZTk1MGE1YTA5OTEzMDc0NzljZWFkODdlODZkIn0=	2018-10-16 13:17:49.077692+00
lgjgp0avltt6s29f3a1to40m6fid2p6a	NzRhNjU4MTRjYzk5NzdmMzRlYmMzZDM3NTM1YzNmMjcxODUxNTZiNzp7Il9hdXRoX3VzZXJfaWQiOiIzMSIsIl9hdXRoX3VzZXJfYmFja2VuZCI6ImRqYW5nby5jb250cmliLmF1dGguYmFja2VuZHMuTW9kZWxCYWNrZW5kIiwiX2F1dGhfdXNlcl9oYXNoIjoiNGUzZjQwYmQzOTY4MzA5MDM4NDJkODRmMTZlNGRkOTg4OWE2Mzk3MiJ9	2018-11-19 16:33:55.860767+00
vaqrzineyoadamlvyb1lasr62maotnod	ZWM2ZGM3ZTY0ZGIyY2QyN2M5ODhjYjNmZjJlMjNmYTIxZmZjYmJkODp7Il9hdXRoX3VzZXJfaWQiOiIxOSIsIl9hdXRoX3VzZXJfYmFja2VuZCI6ImRqYW5nby5jb250cmliLmF1dGguYmFja2VuZHMuTW9kZWxCYWNrZW5kIiwiX2F1dGhfdXNlcl9oYXNoIjoiYTM3M2I0YWM0OTMwYWY4OWRiYjgyNjlhMDNjZDEzMWJlNWU0N2I5YSJ9	2018-11-09 10:41:03.917228+00
28pd085bno25oyazhbigofoweczfonjw	MDI2N2QxMGQzY2VkNWVmMTg5MGM3ODljMTE3YmQ4YzAwY2U4ZWE3YTp7Il9hdXRoX3VzZXJfaWQiOiIxIiwiX2F1dGhfdXNlcl9iYWNrZW5kIjoiZGphbmdvLmNvbnRyaWIuYXV0aC5iYWNrZW5kcy5Nb2RlbEJhY2tlbmQiLCJfYXV0aF91c2VyX2hhc2giOiIwMTUwMmMxOWM2YTRhZTk1MGE1YTA5OTEzMDc0NzljZWFkODdlODZkIn0=	2018-10-17 14:53:52.372026+00
npqid8uhdj0jb6kgla2vzh3mi6jmuirp	MDI2N2QxMGQzY2VkNWVmMTg5MGM3ODljMTE3YmQ4YzAwY2U4ZWE3YTp7Il9hdXRoX3VzZXJfaWQiOiIxIiwiX2F1dGhfdXNlcl9iYWNrZW5kIjoiZGphbmdvLmNvbnRyaWIuYXV0aC5iYWNrZW5kcy5Nb2RlbEJhY2tlbmQiLCJfYXV0aF91c2VyX2hhc2giOiIwMTUwMmMxOWM2YTRhZTk1MGE1YTA5OTEzMDc0NzljZWFkODdlODZkIn0=	2018-11-20 13:22:07.806362+00
qn10gf9ryk9ar3s2wz6tlx6rp3pj261v	ZjA5YzlmMzg0YmEyODA3YmMxZDNkYWY0NWFhZTNjZWU3YjRmNzI3NTp7Il9hdXRoX3VzZXJfaWQiOiIyIiwiX2F1dGhfdXNlcl9iYWNrZW5kIjoiZGphbmdvLmNvbnRyaWIuYXV0aC5iYWNrZW5kcy5Nb2RlbEJhY2tlbmQiLCJfYXV0aF91c2VyX2hhc2giOiI4ZjAyZjRkMmUzYTA1YzRhYjNiOTk1N2RkNTNkZThjOTljNzY2NDFiIn0=	2018-10-18 14:27:23.535067+00
oa2jm8rjtyn8b3wpw2ju23utebooyvhj	ODViNWI1NzM1MDBlNjQyMWUyNWFkMDY1MGQ1NDkzZTRjOThmZWVkMzp7Il9hdXRoX3VzZXJfaWQiOiIyMCIsIl9hdXRoX3VzZXJfYmFja2VuZCI6ImRqYW5nby5jb250cmliLmF1dGguYmFja2VuZHMuTW9kZWxCYWNrZW5kIiwiX2F1dGhfdXNlcl9oYXNoIjoiNzE5N2YwZjYyOGUxMTU4MjY2ZjQxNDA1MGYxYmRiODdhZDNjYTNjZSJ9	2018-11-09 12:21:44.479786+00
gbfq1gcf2zfpynl828irfx28n0xuv573	MDI2N2QxMGQzY2VkNWVmMTg5MGM3ODljMTE3YmQ4YzAwY2U4ZWE3YTp7Il9hdXRoX3VzZXJfaWQiOiIxIiwiX2F1dGhfdXNlcl9iYWNrZW5kIjoiZGphbmdvLmNvbnRyaWIuYXV0aC5iYWNrZW5kcy5Nb2RlbEJhY2tlbmQiLCJfYXV0aF91c2VyX2hhc2giOiIwMTUwMmMxOWM2YTRhZTk1MGE1YTA5OTEzMDc0NzljZWFkODdlODZkIn0=	2018-11-21 11:40:19.373392+00
u28b0se4296yjmf75m807vz0pb6fcdlp	ZjA5YzlmMzg0YmEyODA3YmMxZDNkYWY0NWFhZTNjZWU3YjRmNzI3NTp7Il9hdXRoX3VzZXJfaWQiOiIyIiwiX2F1dGhfdXNlcl9iYWNrZW5kIjoiZGphbmdvLmNvbnRyaWIuYXV0aC5iYWNrZW5kcy5Nb2RlbEJhY2tlbmQiLCJfYXV0aF91c2VyX2hhc2giOiI4ZjAyZjRkMmUzYTA1YzRhYjNiOTk1N2RkNTNkZThjOTljNzY2NDFiIn0=	2018-10-18 15:05:41.85994+00
pjdvfdteg1oisci93075osrnokrt6bj2	ZjA5YzlmMzg0YmEyODA3YmMxZDNkYWY0NWFhZTNjZWU3YjRmNzI3NTp7Il9hdXRoX3VzZXJfaWQiOiIyIiwiX2F1dGhfdXNlcl9iYWNrZW5kIjoiZGphbmdvLmNvbnRyaWIuYXV0aC5iYWNrZW5kcy5Nb2RlbEJhY2tlbmQiLCJfYXV0aF91c2VyX2hhc2giOiI4ZjAyZjRkMmUzYTA1YzRhYjNiOTk1N2RkNTNkZThjOTljNzY2NDFiIn0=	2018-11-21 12:46:24.678501+00
iidn5o26tfo7bfhemfm3y519vz95l1z2	ZjA5YzlmMzg0YmEyODA3YmMxZDNkYWY0NWFhZTNjZWU3YjRmNzI3NTp7Il9hdXRoX3VzZXJfaWQiOiIyIiwiX2F1dGhfdXNlcl9iYWNrZW5kIjoiZGphbmdvLmNvbnRyaWIuYXV0aC5iYWNrZW5kcy5Nb2RlbEJhY2tlbmQiLCJfYXV0aF91c2VyX2hhc2giOiI4ZjAyZjRkMmUzYTA1YzRhYjNiOTk1N2RkNTNkZThjOTljNzY2NDFiIn0=	2018-10-18 15:05:48.97746+00
zq32mqn7era6na4umaf9h5khack8dzrp	MDI2N2QxMGQzY2VkNWVmMTg5MGM3ODljMTE3YmQ4YzAwY2U4ZWE3YTp7Il9hdXRoX3VzZXJfaWQiOiIxIiwiX2F1dGhfdXNlcl9iYWNrZW5kIjoiZGphbmdvLmNvbnRyaWIuYXV0aC5iYWNrZW5kcy5Nb2RlbEJhY2tlbmQiLCJfYXV0aF91c2VyX2hhc2giOiIwMTUwMmMxOWM2YTRhZTk1MGE1YTA5OTEzMDc0NzljZWFkODdlODZkIn0=	2018-11-22 13:12:15.44895+00
8awfu8jqfsg9ckwchq7gb1usn6l6brxm	ZGY0NGVhOTM4N2YyNTMwYzM4ZmU0N2M5YjA0ZDIxYzBjOTM3MDViOTp7Il9hdXRoX3VzZXJfaWQiOiIzIiwiX2F1dGhfdXNlcl9iYWNrZW5kIjoiZGphbmdvLmNvbnRyaWIuYXV0aC5iYWNrZW5kcy5Nb2RlbEJhY2tlbmQiLCJfYXV0aF91c2VyX2hhc2giOiIzMjJkZTY3YzYzNzU4ZWZkYjg4MGFiOTUxOGYxZjE3NWQyY2JhYThmIn0=	2018-11-12 17:25:18.25452+00
b6z3v35iimrv3tiye1ctay6h50wa16d4	ZjA5YzlmMzg0YmEyODA3YmMxZDNkYWY0NWFhZTNjZWU3YjRmNzI3NTp7Il9hdXRoX3VzZXJfaWQiOiIyIiwiX2F1dGhfdXNlcl9iYWNrZW5kIjoiZGphbmdvLmNvbnRyaWIuYXV0aC5iYWNrZW5kcy5Nb2RlbEJhY2tlbmQiLCJfYXV0aF91c2VyX2hhc2giOiI4ZjAyZjRkMmUzYTA1YzRhYjNiOTk1N2RkNTNkZThjOTljNzY2NDFiIn0=	2018-11-22 13:28:21.805553+00
2upkfmr5wnucw44w8zdhmibe4g1q9ibh	ZjA5YzlmMzg0YmEyODA3YmMxZDNkYWY0NWFhZTNjZWU3YjRmNzI3NTp7Il9hdXRoX3VzZXJfaWQiOiIyIiwiX2F1dGhfdXNlcl9iYWNrZW5kIjoiZGphbmdvLmNvbnRyaWIuYXV0aC5iYWNrZW5kcy5Nb2RlbEJhY2tlbmQiLCJfYXV0aF91c2VyX2hhc2giOiI4ZjAyZjRkMmUzYTA1YzRhYjNiOTk1N2RkNTNkZThjOTljNzY2NDFiIn0=	2018-10-20 16:36:17.690748+00
f6pd6kr11qb37eg9fhhaxgi3kq7zahr5	MDI2N2QxMGQzY2VkNWVmMTg5MGM3ODljMTE3YmQ4YzAwY2U4ZWE3YTp7Il9hdXRoX3VzZXJfaWQiOiIxIiwiX2F1dGhfdXNlcl9iYWNrZW5kIjoiZGphbmdvLmNvbnRyaWIuYXV0aC5iYWNrZW5kcy5Nb2RlbEJhY2tlbmQiLCJfYXV0aF91c2VyX2hhc2giOiIwMTUwMmMxOWM2YTRhZTk1MGE1YTA5OTEzMDc0NzljZWFkODdlODZkIn0=	2018-11-22 15:03:34.04829+00
ij54gd8dp7oaaw08g3xcntely2d1z2df	ZjA5YzlmMzg0YmEyODA3YmMxZDNkYWY0NWFhZTNjZWU3YjRmNzI3NTp7Il9hdXRoX3VzZXJfaWQiOiIyIiwiX2F1dGhfdXNlcl9iYWNrZW5kIjoiZGphbmdvLmNvbnRyaWIuYXV0aC5iYWNrZW5kcy5Nb2RlbEJhY2tlbmQiLCJfYXV0aF91c2VyX2hhc2giOiI4ZjAyZjRkMmUzYTA1YzRhYjNiOTk1N2RkNTNkZThjOTljNzY2NDFiIn0=	2018-10-23 14:02:54.560254+00
t9fin0v69izwuhqgjmowx38wsdioibsb	NTA4ZjdkMDYyZjg4OWExYTBmZjMzMzI2ZjMyNzFjN2QwMTVmNDlhMjp7Il9hdXRoX3VzZXJfaWQiOiIyMSIsIl9hdXRoX3VzZXJfYmFja2VuZCI6ImRqYW5nby5jb250cmliLmF1dGguYmFja2VuZHMuTW9kZWxCYWNrZW5kIiwiX2F1dGhfdXNlcl9oYXNoIjoiMGUyMGEzNWU5MzRkODg0MDUwZThiYjgzOWM2YWMxYWFlOGYyYTEwMiJ9	2018-11-13 10:21:22.174029+00
3ghwy613ysxzshsa1eeb571iamdet8tk	MTQ4NjBiZWVlOGQ2N2JkNjk4YzAwNzE3YTE1NjNkNjQyMjNlN2U4Zjp7Il9hdXRoX3VzZXJfaWQiOiI1IiwiX2F1dGhfdXNlcl9iYWNrZW5kIjoiZGphbmdvLmNvbnRyaWIuYXV0aC5iYWNrZW5kcy5Nb2RlbEJhY2tlbmQiLCJfYXV0aF91c2VyX2hhc2giOiI1MWY2ZmIxOWQzMzZmMGUzOTlkMTI3OGQ4MzA0ODIzOGYzN2FkY2FlIn0=	2018-10-26 16:15:36.908901+00
nkun690mau7qsg0lt9hreqpxeuby5m3h	MDI2N2QxMGQzY2VkNWVmMTg5MGM3ODljMTE3YmQ4YzAwY2U4ZWE3YTp7Il9hdXRoX3VzZXJfaWQiOiIxIiwiX2F1dGhfdXNlcl9iYWNrZW5kIjoiZGphbmdvLmNvbnRyaWIuYXV0aC5iYWNrZW5kcy5Nb2RlbEJhY2tlbmQiLCJfYXV0aF91c2VyX2hhc2giOiIwMTUwMmMxOWM2YTRhZTk1MGE1YTA5OTEzMDc0NzljZWFkODdlODZkIn0=	2018-11-24 13:55:58.545612+00
veslhseyfsxu4edkjyb9r3gx1dv7p61f	MDI2N2QxMGQzY2VkNWVmMTg5MGM3ODljMTE3YmQ4YzAwY2U4ZWE3YTp7Il9hdXRoX3VzZXJfaWQiOiIxIiwiX2F1dGhfdXNlcl9iYWNrZW5kIjoiZGphbmdvLmNvbnRyaWIuYXV0aC5iYWNrZW5kcy5Nb2RlbEJhY2tlbmQiLCJfYXV0aF91c2VyX2hhc2giOiIwMTUwMmMxOWM2YTRhZTk1MGE1YTA5OTEzMDc0NzljZWFkODdlODZkIn0=	2018-11-13 14:58:44.937296+00
gz7wpvz9t56m3ialo34z2utrszpdd7dh	MDI2N2QxMGQzY2VkNWVmMTg5MGM3ODljMTE3YmQ4YzAwY2U4ZWE3YTp7Il9hdXRoX3VzZXJfaWQiOiIxIiwiX2F1dGhfdXNlcl9iYWNrZW5kIjoiZGphbmdvLmNvbnRyaWIuYXV0aC5iYWNrZW5kcy5Nb2RlbEJhY2tlbmQiLCJfYXV0aF91c2VyX2hhc2giOiIwMTUwMmMxOWM2YTRhZTk1MGE1YTA5OTEzMDc0NzljZWFkODdlODZkIn0=	2018-11-27 13:12:20.244968+00
7d9e6w9oniojl00ir7wr5pgo4ln0rmlo	M2Y1NTc4ZDA3N2Y5MDkwZGU5MTg3ZDY1MGM2OTIzYTQzZDYxNWJjMTp7Il9hdXRoX3VzZXJfaWQiOiIxOCIsIl9hdXRoX3VzZXJfYmFja2VuZCI6ImRqYW5nby5jb250cmliLmF1dGguYmFja2VuZHMuTW9kZWxCYWNrZW5kIiwiX2F1dGhfdXNlcl9oYXNoIjoiOTVjNjIyNjkyNGE0YWM5ZjIwZDgxNzYwNTE3ZDVjZDBlNzAxNWQyMSJ9	2018-11-27 13:34:57.941959+00
3cxk69m7itfon5fzhqqsrkashkns03v5	ZDA0ZGRlZDhlODQzNzYzYjhjOTEwZTZmZDgzYmNjYWZkZjkxMWU0ZTp7Il9hdXRoX3VzZXJfaWQiOiI3IiwiX2F1dGhfdXNlcl9iYWNrZW5kIjoiZGphbmdvLmNvbnRyaWIuYXV0aC5iYWNrZW5kcy5Nb2RlbEJhY2tlbmQiLCJfYXV0aF91c2VyX2hhc2giOiJkYzE4YmI1ZTdhMmYwYzUwYmFjMzg2ZmNlOWY0MTc3MWFlM2I0Y2VkIn0=	2018-10-29 16:34:38.364008+00
rgpvf6yanjywf6qurr1blqsdqprqao24	MDI2N2QxMGQzY2VkNWVmMTg5MGM3ODljMTE3YmQ4YzAwY2U4ZWE3YTp7Il9hdXRoX3VzZXJfaWQiOiIxIiwiX2F1dGhfdXNlcl9iYWNrZW5kIjoiZGphbmdvLmNvbnRyaWIuYXV0aC5iYWNrZW5kcy5Nb2RlbEJhY2tlbmQiLCJfYXV0aF91c2VyX2hhc2giOiIwMTUwMmMxOWM2YTRhZTk1MGE1YTA5OTEzMDc0NzljZWFkODdlODZkIn0=	2018-11-15 12:38:34.628927+00
zvttbfx01wfps79zkhjgcrzl5er6fnoo	MDI2N2QxMGQzY2VkNWVmMTg5MGM3ODljMTE3YmQ4YzAwY2U4ZWE3YTp7Il9hdXRoX3VzZXJfaWQiOiIxIiwiX2F1dGhfdXNlcl9iYWNrZW5kIjoiZGphbmdvLmNvbnRyaWIuYXV0aC5iYWNrZW5kcy5Nb2RlbEJhY2tlbmQiLCJfYXV0aF91c2VyX2hhc2giOiIwMTUwMmMxOWM2YTRhZTk1MGE1YTA5OTEzMDc0NzljZWFkODdlODZkIn0=	2018-11-29 18:42:04.500818+00
g23feayw3r6jeydvn2t63rkwkmc0vviw	MDI2N2QxMGQzY2VkNWVmMTg5MGM3ODljMTE3YmQ4YzAwY2U4ZWE3YTp7Il9hdXRoX3VzZXJfaWQiOiIxIiwiX2F1dGhfdXNlcl9iYWNrZW5kIjoiZGphbmdvLmNvbnRyaWIuYXV0aC5iYWNrZW5kcy5Nb2RlbEJhY2tlbmQiLCJfYXV0aF91c2VyX2hhc2giOiIwMTUwMmMxOWM2YTRhZTk1MGE1YTA5OTEzMDc0NzljZWFkODdlODZkIn0=	2018-10-29 17:17:11.435166+00
3hj5yuvq9wsyta5fobbf1ss6onw6darb	ZGY0NGVhOTM4N2YyNTMwYzM4ZmU0N2M5YjA0ZDIxYzBjOTM3MDViOTp7Il9hdXRoX3VzZXJfaWQiOiIzIiwiX2F1dGhfdXNlcl9iYWNrZW5kIjoiZGphbmdvLmNvbnRyaWIuYXV0aC5iYWNrZW5kcy5Nb2RlbEJhY2tlbmQiLCJfYXV0aF91c2VyX2hhc2giOiIzMjJkZTY3YzYzNzU4ZWZkYjg4MGFiOTUxOGYxZjE3NWQyY2JhYThmIn0=	2018-11-16 08:36:09.615637+00
6wo7ocrlms3tmmy10qx8mkcgkkl4enwc	ZjA5YzlmMzg0YmEyODA3YmMxZDNkYWY0NWFhZTNjZWU3YjRmNzI3NTp7Il9hdXRoX3VzZXJfaWQiOiIyIiwiX2F1dGhfdXNlcl9iYWNrZW5kIjoiZGphbmdvLmNvbnRyaWIuYXV0aC5iYWNrZW5kcy5Nb2RlbEJhY2tlbmQiLCJfYXV0aF91c2VyX2hhc2giOiI4ZjAyZjRkMmUzYTA1YzRhYjNiOTk1N2RkNTNkZThjOTljNzY2NDFiIn0=	2018-11-16 11:50:37.770857+00
ootkkkyryn4045rd8yo4vkd3zk7ldga2	MDI2N2QxMGQzY2VkNWVmMTg5MGM3ODljMTE3YmQ4YzAwY2U4ZWE3YTp7Il9hdXRoX3VzZXJfaWQiOiIxIiwiX2F1dGhfdXNlcl9iYWNrZW5kIjoiZGphbmdvLmNvbnRyaWIuYXV0aC5iYWNrZW5kcy5Nb2RlbEJhY2tlbmQiLCJfYXV0aF91c2VyX2hhc2giOiIwMTUwMmMxOWM2YTRhZTk1MGE1YTA5OTEzMDc0NzljZWFkODdlODZkIn0=	2018-10-30 10:20:34.542384+00
yl6tsshnx4msubssp5rn7fxf9x4tqqc9	ZWRkMmMxMWJmYzY3ODY3ZmRhZDZhMDA0YmMyYTVkN2VlMzc5OTJjODp7Il9hdXRoX3VzZXJfaWQiOiIyMyIsIl9hdXRoX3VzZXJfYmFja2VuZCI6ImRqYW5nby5jb250cmliLmF1dGguYmFja2VuZHMuTW9kZWxCYWNrZW5kIiwiX2F1dGhfdXNlcl9oYXNoIjoiZTYxYTk5Mjk5YjVkODAxYmNiYTdmYmVlZjYyNDFmYjFmMmY1YTY3OCJ9	2018-11-16 12:17:59.667738+00
nbkohxsotcqpqda6pjlre76hj2000s7r	MzM0MTVlZDUwZmQ3YmZlMGUyNzY3NjZkMmFmMGQ1OTAyMTJiYzg1ODp7Il9hdXRoX3VzZXJfaWQiOiIxMCIsIl9hdXRoX3VzZXJfYmFja2VuZCI6ImRqYW5nby5jb250cmliLmF1dGguYmFja2VuZHMuTW9kZWxCYWNrZW5kIiwiX2F1dGhfdXNlcl9oYXNoIjoiYTk5M2Q3OGMxY2IwMTQ4ZDUwZmE1ZjhlNjA1MWUxZDQ1NGUzZmJhZCJ9	2018-10-31 12:08:37.577823+00
9efcvuo4lwpt0q9l36htpa9qh0gmwq4p	Yjc3OTdlYWU5YzA2ZTQzYTljN2UzZmU0MGZjNTc1OGIwNDExMWMwZTp7Il9hdXRoX3VzZXJfaWQiOiIyNCIsIl9hdXRoX3VzZXJfYmFja2VuZCI6ImRqYW5nby5jb250cmliLmF1dGguYmFja2VuZHMuTW9kZWxCYWNrZW5kIiwiX2F1dGhfdXNlcl9oYXNoIjoiMDI2ZDg4ZTA5NGEyZWZmMzI2MThhNGM2MmJlNjY5YjEwYWY3MzkwMSJ9	2018-11-16 12:21:09.945668+00
xpks8kwtuo5y64uz2dned1ojfqvmzoaa	MDI2N2QxMGQzY2VkNWVmMTg5MGM3ODljMTE3YmQ4YzAwY2U4ZWE3YTp7Il9hdXRoX3VzZXJfaWQiOiIxIiwiX2F1dGhfdXNlcl9iYWNrZW5kIjoiZGphbmdvLmNvbnRyaWIuYXV0aC5iYWNrZW5kcy5Nb2RlbEJhY2tlbmQiLCJfYXV0aF91c2VyX2hhc2giOiIwMTUwMmMxOWM2YTRhZTk1MGE1YTA5OTEzMDc0NzljZWFkODdlODZkIn0=	2018-11-16 13:33:28.705665+00
t2z8iadny640yoa9wl8j49pwm6fqcch6	NDE5ZGY0ZTA0NTc1NDMxNjZhODViZTg5ZTA1NmYxYjllMDY2NWY1Yzp7Il9hdXRoX3VzZXJfaWQiOiIyNiIsIl9hdXRoX3VzZXJfYmFja2VuZCI6ImRqYW5nby5jb250cmliLmF1dGguYmFja2VuZHMuTW9kZWxCYWNrZW5kIiwiX2F1dGhfdXNlcl9oYXNoIjoiY2U1ODY0NDljOWU3YjhmYzhhZDVhNDE3MTBmYWNhYjZiZGVmNGM0OSJ9	2018-11-16 20:44:48.273531+00
460ggfn1r3fxw859gzsskx0870cpxmt6	MDE1YjRmMGEwZjU0MWM4Mzc5NmVhOWViMGMzZjA0ODI2MTI3YjJlMjp7Il9hdXRoX3VzZXJfaWQiOiIxMiIsIl9hdXRoX3VzZXJfYmFja2VuZCI6ImRqYW5nby5jb250cmliLmF1dGguYmFja2VuZHMuTW9kZWxCYWNrZW5kIiwiX2F1dGhfdXNlcl9oYXNoIjoiMjdjMDE3NTY5NDRlMTQwMDQ0ZDY5OGRmNWNmMDgzMDc0MmI1YjQyNSJ9	2018-11-01 16:24:47.335878+00
shx10xvan9fezu16mdt7rqvvhe4ivepg	MDI2N2QxMGQzY2VkNWVmMTg5MGM3ODljMTE3YmQ4YzAwY2U4ZWE3YTp7Il9hdXRoX3VzZXJfaWQiOiIxIiwiX2F1dGhfdXNlcl9iYWNrZW5kIjoiZGphbmdvLmNvbnRyaWIuYXV0aC5iYWNrZW5kcy5Nb2RlbEJhY2tlbmQiLCJfYXV0aF91c2VyX2hhc2giOiIwMTUwMmMxOWM2YTRhZTk1MGE1YTA5OTEzMDc0NzljZWFkODdlODZkIn0=	2018-11-17 14:52:19.067532+00
pz7x9h2xzv0wl4tvidvx9lny4tnejrpq	ODQ5ODY4NDMxZTU5MTRkNDlhMmViODAwZDRiNjZkZjUzZTcxYzk5MTp7Il9hdXRoX3VzZXJfaWQiOiIxMyIsIl9hdXRoX3VzZXJfYmFja2VuZCI6ImRqYW5nby5jb250cmliLmF1dGguYmFja2VuZHMuTW9kZWxCYWNrZW5kIiwiX2F1dGhfdXNlcl9oYXNoIjoiMTAzNWMwMjA1ZDUwYjk2MTI1NWNhZWIyYmM1OGU4ZTE2OGM1YjdlOSJ9	2018-11-02 10:07:59.951226+00
t7oe9i3dwogxc17zquem1iyqukocbv79	ODQ5ODY4NDMxZTU5MTRkNDlhMmViODAwZDRiNjZkZjUzZTcxYzk5MTp7Il9hdXRoX3VzZXJfaWQiOiIxMyIsIl9hdXRoX3VzZXJfYmFja2VuZCI6ImRqYW5nby5jb250cmliLmF1dGguYmFja2VuZHMuTW9kZWxCYWNrZW5kIiwiX2F1dGhfdXNlcl9oYXNoIjoiMTAzNWMwMjA1ZDUwYjk2MTI1NWNhZWIyYmM1OGU4ZTE2OGM1YjdlOSJ9	2018-11-02 10:13:46.220214+00
ljhteubagsbs36evldcwvugcr328nyfn	MDI2N2QxMGQzY2VkNWVmMTg5MGM3ODljMTE3YmQ4YzAwY2U4ZWE3YTp7Il9hdXRoX3VzZXJfaWQiOiIxIiwiX2F1dGhfdXNlcl9iYWNrZW5kIjoiZGphbmdvLmNvbnRyaWIuYXV0aC5iYWNrZW5kcy5Nb2RlbEJhY2tlbmQiLCJfYXV0aF91c2VyX2hhc2giOiIwMTUwMmMxOWM2YTRhZTk1MGE1YTA5OTEzMDc0NzljZWFkODdlODZkIn0=	2018-11-02 12:20:59.946456+00
4ouj017jfl3isbgs3wjhmldlarnvwqdi	ZjA5YzlmMzg0YmEyODA3YmMxZDNkYWY0NWFhZTNjZWU3YjRmNzI3NTp7Il9hdXRoX3VzZXJfaWQiOiIyIiwiX2F1dGhfdXNlcl9iYWNrZW5kIjoiZGphbmdvLmNvbnRyaWIuYXV0aC5iYWNrZW5kcy5Nb2RlbEJhY2tlbmQiLCJfYXV0aF91c2VyX2hhc2giOiI4ZjAyZjRkMmUzYTA1YzRhYjNiOTk1N2RkNTNkZThjOTljNzY2NDFiIn0=	2018-11-05 12:01:06.33212+00
9kswlbtuwik31mlprsxuqhkgd8iqsvws	ZTk1YzRmNmFlZjY5ODkwZDQzODI4N2YwNjE4ZGExNWY3ZDEwZmU1MDp7Il9hdXRoX3VzZXJfaWQiOiIyOCIsIl9hdXRoX3VzZXJfYmFja2VuZCI6ImRqYW5nby5jb250cmliLmF1dGguYmFja2VuZHMuTW9kZWxCYWNrZW5kIiwiX2F1dGhfdXNlcl9oYXNoIjoiNjU1OWVhNGE0ZTg4NzU3ZjBmYjI0MGNmZDkzYmRjNzg2Y2I0NzE1ZCJ9	2018-11-19 12:15:55.770574+00
rlhgxvunm6ut2ym35k5uldi7gjutocsr	MDI2N2QxMGQzY2VkNWVmMTg5MGM3ODljMTE3YmQ4YzAwY2U4ZWE3YTp7Il9hdXRoX3VzZXJfaWQiOiIxIiwiX2F1dGhfdXNlcl9iYWNrZW5kIjoiZGphbmdvLmNvbnRyaWIuYXV0aC5iYWNrZW5kcy5Nb2RlbEJhY2tlbmQiLCJfYXV0aF91c2VyX2hhc2giOiIwMTUwMmMxOWM2YTRhZTk1MGE1YTA5OTEzMDc0NzljZWFkODdlODZkIn0=	2018-11-05 13:25:19.787904+00
l0me0va9gnusjkv53y4odd1jwjufthd0	MDI2N2QxMGQzY2VkNWVmMTg5MGM3ODljMTE3YmQ4YzAwY2U4ZWE3YTp7Il9hdXRoX3VzZXJfaWQiOiIxIiwiX2F1dGhfdXNlcl9iYWNrZW5kIjoiZGphbmdvLmNvbnRyaWIuYXV0aC5iYWNrZW5kcy5Nb2RlbEJhY2tlbmQiLCJfYXV0aF91c2VyX2hhc2giOiIwMTUwMmMxOWM2YTRhZTk1MGE1YTA5OTEzMDc0NzljZWFkODdlODZkIn0=	2018-11-19 12:17:08.473645+00
7sincoda8cwcxh01bbav6hz9784hmw43	MDI2N2QxMGQzY2VkNWVmMTg5MGM3ODljMTE3YmQ4YzAwY2U4ZWE3YTp7Il9hdXRoX3VzZXJfaWQiOiIxIiwiX2F1dGhfdXNlcl9iYWNrZW5kIjoiZGphbmdvLmNvbnRyaWIuYXV0aC5iYWNrZW5kcy5Nb2RlbEJhY2tlbmQiLCJfYXV0aF91c2VyX2hhc2giOiIwMTUwMmMxOWM2YTRhZTk1MGE1YTA5OTEzMDc0NzljZWFkODdlODZkIn0=	2018-11-19 13:45:04.838973+00
ecxn20j60tvxx77etfk9b04u0mb5z5ui	ZjA5YzlmMzg0YmEyODA3YmMxZDNkYWY0NWFhZTNjZWU3YjRmNzI3NTp7Il9hdXRoX3VzZXJfaWQiOiIyIiwiX2F1dGhfdXNlcl9iYWNrZW5kIjoiZGphbmdvLmNvbnRyaWIuYXV0aC5iYWNrZW5kcy5Nb2RlbEJhY2tlbmQiLCJfYXV0aF91c2VyX2hhc2giOiI4ZjAyZjRkMmUzYTA1YzRhYjNiOTk1N2RkNTNkZThjOTljNzY2NDFiIn0=	2018-11-05 14:11:06.436176+00
qhv7m6hhr9x0w3tpgztwx25ufjd1sj15	MDI2N2QxMGQzY2VkNWVmMTg5MGM3ODljMTE3YmQ4YzAwY2U4ZWE3YTp7Il9hdXRoX3VzZXJfaWQiOiIxIiwiX2F1dGhfdXNlcl9iYWNrZW5kIjoiZGphbmdvLmNvbnRyaWIuYXV0aC5iYWNrZW5kcy5Nb2RlbEJhY2tlbmQiLCJfYXV0aF91c2VyX2hhc2giOiIwMTUwMmMxOWM2YTRhZTk1MGE1YTA5OTEzMDc0NzljZWFkODdlODZkIn0=	2018-11-06 09:26:37.04409+00
63sjqz8ki5fc4wfchokn1ek64iyk4f4a	MmExMzk5NDg1OWQ4MWIzY2MzNTk3Mzk5NjhjOWY3ZWJhMDI5YjlhMjp7Il9hdXRoX3VzZXJfaWQiOiIyOSIsIl9hdXRoX3VzZXJfYmFja2VuZCI6ImRqYW5nby5jb250cmliLmF1dGguYmFja2VuZHMuTW9kZWxCYWNrZW5kIiwiX2F1dGhfdXNlcl9oYXNoIjoiODNjYjYxZjg2NDUxNTgxYjFiNmExYTI5Zjc4NTVkOGVjZjZmZWQ5MCJ9	2018-11-19 16:32:35.34522+00
wtw43st8yyrc9n97bi9rqvlk8xr8a6m0	N2RlYjliY2VlOWFkYjViYTZkZGU4NDRlZDY4ODgwOTJiYTFmMDQwNDp7Il9hdXRoX3VzZXJfaWQiOiIxNSIsIl9hdXRoX3VzZXJfYmFja2VuZCI6ImRqYW5nby5jb250cmliLmF1dGguYmFja2VuZHMuTW9kZWxCYWNrZW5kIiwiX2F1dGhfdXNlcl9oYXNoIjoiYzE5Mzk1NjdkZGQyZmNmNDNkYjNiOThhZjc0NTQwMjZmZTEyMzMwZSJ9	2018-11-06 10:11:09.632797+00
dkzksyrubgvt5l1nuvvdgiax7yi5vjiu	MjI1ZjE2MjUwNTIxMjY4M2VjMzY5OTBlZWZlMTZlYzEyMWI5NWQ5Nzp7Il9hdXRoX3VzZXJfaWQiOiIzMCIsIl9hdXRoX3VzZXJfYmFja2VuZCI6ImRqYW5nby5jb250cmliLmF1dGguYmFja2VuZHMuTW9kZWxCYWNrZW5kIiwiX2F1dGhfdXNlcl9oYXNoIjoiMmQwYzliZWY2MzY4YWY3OTRmNTM1MWY0Yjc5N2EzYjI5MjM2YmU3MCJ9	2018-11-19 16:32:53.006053+00
bhgdvpclo5d5hex5wl5sy31mqqd6yigp	NDA3OGQ5ZTE0OTk2NTRiZWU2MTM0MGRhYmFjNjMzYjA2M2FlMWNmMzp7Il9hdXRoX3VzZXJfaWQiOiIxNyIsIl9hdXRoX3VzZXJfYmFja2VuZCI6ImRqYW5nby5jb250cmliLmF1dGguYmFja2VuZHMuTW9kZWxCYWNrZW5kIiwiX2F1dGhfdXNlcl9oYXNoIjoiZTU0YTY5ZWE5MTc3YWY1ZTIxY2FkMmYxNzU5ZTA1Nzg2MGJjZWQ1ZCJ9	2018-11-06 10:22:03.381721+00
\.


--
-- Data for Name: face_audiofile; Type: TABLE DATA; Schema: public; Owner: john
--

COPY public.face_audiofile (id, audio, sentence_id, speech_to_text, created_at) FROM stdin;
306	15_179_08-19-05.wav	179	yes looks like it's working out yes I like traveling	2018-10-21 18:13:56.237453+00
307	15_179_08-19-35.wav	179	I like traveling	2018-10-21 18:13:56.237453+00
308	15_180_08-20-54.wav	180	but I don't like to go to China	2018-10-21 18:13:56.237453+00
309	15_182_08-25-08.wav	182	last year I go to China	2018-10-21 18:13:56.237453+00
159	6_106_10-18-53.wav	106	an angry with house owner	2018-10-21 18:13:56.237453+00
160	6_106_10-19-04.wav	106	I'm angry with a house owner	2018-10-21 18:13:56.237453+00
161	6_107_10-20-21.wav	107	because he is so mean and demanding	2018-10-21 18:13:56.237453+00
162	6_108_10-24-57.wav	108	I busted my room information in a Japanese community than one Japanese guy replied me  he asked me that if he can live here  from 27th of September	2018-10-21 18:13:56.237453+00
163	6_108_10-25-15.wav	108	I posted my room information in a Japanese community than one Japanese guy with like me	2018-10-21 18:13:56.237453+00
164	6_108_10-25-39.wav	108	I posted my room information in a Japanese community than one Japanese guy with right me	2018-10-21 18:13:56.237453+00
165	6_108_10-25-57.wav	108	I posted my room information in the Japanese community than one Japanese guy replied me	2018-10-21 18:13:56.237453+00
166	6_110_10-28-16.wav	110	he asked me if he can live here	2018-10-21 18:13:56.237453+00
167	6_110_10-28-27.wav	110	he asked me if he can live here  27th of September which is 2 weeks later I moved out	2018-10-21 18:13:56.237453+00
168	6_110_10-29-00.wav	110	he asked me if he	2018-10-21 18:13:56.237453+00
169	6_110_10-29-15.wav	110	he asked me if he can be there 20th of September which is 2 weeks later and moving out	2018-10-21 18:13:56.237453+00
170	6_110_10-29-29.wav	110	he asked	2018-10-21 18:13:56.237453+00
171	6_110_10-29-42.wav	110	he asked me if he can live there from 27th of September which is 2 weeks later	2018-10-21 18:13:56.237453+00
172	6_110_10-29-43.wav	110	he asked me if he can live there from 27th of September which is 2 weeks later  I'm leaving out	2018-10-21 18:13:56.237453+00
\.


--
-- Name: face_audiofile_id_seq; Type: SEQUENCE SET; Schema: public; Owner: john
--

SELECT pg_catalog.setval('public.face_audiofile_id_seq', 790, true);


--
-- Data for Name: face_available; Type: TABLE DATA; Schema: public; Owner: john
--

COPY public.face_available (id, start_availability, end_availability) FROM stdin;
1	2018-08-30 09:21:49+00	2018-08-30 11:00:00+00
3	2018-08-28 09:00:00+00	2018-08-28 13:00:00+00
4	2018-08-27 10:30:00+00	2018-08-27 15:30:00+00
2	2018-08-31 09:11:03+00	2018-08-31 16:00:00+00
5	2018-09-03 12:51:58+00	2018-09-03 16:00:00+00
6	2018-09-05 11:00:00+00	2018-09-05 16:00:00+00
7	2018-09-04 09:10:14+00	2018-09-04 13:10:15+00
8	2018-09-06 09:30:00+00	2018-09-06 15:00:00+00
9	2018-09-12 08:00:00+00	2018-09-12 11:00:00+00
10	2018-10-01 11:21:14+00	2018-10-01 12:21:15+00
11	2018-10-02 13:17:30+00	2018-10-02 16:17:31+00
12	2018-10-03 14:54:07+00	2018-10-03 15:54:08+00
13	2018-10-04 13:43:00+00	2018-10-04 14:43:01+00
14	2018-10-15 16:43:01+00	2018-10-15 18:43:03+00
16	2018-10-17 10:00:00+00	2018-10-17 14:00:00+00
17	2018-10-18 10:00:00+00	2018-10-18 14:00:00+00
15	2018-10-16 10:00:00+00	2018-10-16 14:00:00+00
18	2018-10-19 10:00:00+00	2018-10-19 13:00:00+00
21	2018-10-23 10:00:00+00	2018-10-23 14:00:00+00
22	2018-10-25 10:45:00+00	2018-10-25 13:00:00+00
23	2018-10-26 10:43:01+00	2018-10-26 13:00:00+00
27	2018-10-31 11:00:00+00	2018-10-31 13:00:00+00
28	2018-11-01 11:00:00+00	2018-11-01 14:00:00+00
26	2018-10-30 09:15:27+00	2018-10-30 11:46:21+00
30	2018-11-02 11:50:07+00	2018-11-02 12:40:00+00
31	2018-11-05 16:30:00+00	2018-11-05 18:00:00+00
32	2018-11-06 13:23:33+00	2018-11-06 15:00:00+00
35	2018-11-07 12:47:04+00	2018-11-07 12:57:06+00
36	2018-11-08 14:30:00+00	2018-11-08 17:30:00+00
37	2018-11-13 13:30:00+00	2018-11-13 14:30:00+00
38	2018-11-14 11:25:00+00	2018-11-14 12:30:00+00
\.


--
-- Name: face_available_id_seq; Type: SEQUENCE SET; Schema: public; Owner: john
--

SELECT pg_catalog.setval('public.face_available_id_seq', 38, true);


--
-- Data for Name: face_newsarticle; Type: TABLE DATA; Schema: public; Owner: john
--

COPY public.face_newsarticle (id, title, link, date) FROM stdin;
1	Limousine Crash	https://www.newsinlevels.com/products/limousine-crash-level-3/	2018-10-19
6	Ostrich on a highway	https://www.newsinlevels.com/products/ostrich-on-a-highway-level-3/	2018-10-30
4	Dog plays football	https://www.newsinlevels.com/products/dog-plays-at-football-game-level-3/	2018-11-01
5	Halloween at Chicago Zoo	https://www.newsinlevels.com/products/halloween-at-a-chicago-zoo-level-3/	2018-11-01
2	Big piece of the moon	https://www.newsinlevels.com/products/big-piece-of-moon-level-3/	2018-11-06
3	Floods in Mallorca	https://www.newsinlevels.com/products/big-water-on-mallorca-level-3/	2018-11-08
\.


--
-- Name: face_newsarticle_id_seq; Type: SEQUENCE SET; Schema: public; Owner: john
--

SELECT pg_catalog.setval('public.face_newsarticle_id_seq', 6, true);


--
-- Data for Name: face_permaudiofile; Type: TABLE DATA; Schema: public; Owner: john
--

COPY public.face_permaudiofile (id, speech_to_text, audio, sentence_id, created_at) FROM stdin;
1	I'm excited because I'm wasting my host families house today	3_90_09-37-34.wav	31	2018-10-21 18:13:56.267975+00
2	I'm excited because I'm visiting my house the family's house today	3_90_09-37-51.wav	31	2018-10-21 18:13:56.267975+00
3	I'm excited because I'll be getting my house the family's house date today	3_90_09-38-09.wav	31	2018-10-21 18:13:56.267975+00
4	I'm excited because I maybe the thing of my hotter families house today	3_90_09-38-23.wav	31	2018-10-21 18:13:56.267975+00
5	I'm excited because I	3_90_09-39-06.wav	31	2018-10-21 18:13:56.267975+00
6	I'm excited because I'm building in my hostel, need help today	3_90_09-39-15.wav	31	2018-10-21 18:13:56.267975+00
7	I'm excited because I'm building my hotter families house today	3_90_09-39-48.wav	31	2018-10-21 18:13:56.267975+00
8	I'm excited because I'm a big thing my hostel families house today	3_90_09-40-33.wav	31	2018-10-21 18:13:56.267975+00
9	I'm excited because I'm visiting my house to family house day	3_90_09-41-05.wav	31	2018-10-21 18:13:56.267975+00
10	I'm excited because I'm visiting my horse to families house today	3_90_09-41-23.wav	31	2018-10-21 18:13:56.267975+00
11	I'm excited because I'm busy thinking my heart families house today	3_90_09-41-47.wav	31	2018-10-21 18:13:56.267975+00
12	Annie said it because I'm building my hotter families house today	3_90_09-41-57.wav	31	2018-10-21 18:13:56.267975+00
13	I'm excited because I'm visiting my host families house today	3_90_09-42-08.wav	31	2018-10-21 18:13:56.267975+00
14	hear my heart Mother Father and some students from UCD and language school	3_91_09-43-42.wav	32	2018-10-21 18:13:56.267975+00
15	there are house matter father and some students from UCD and a language school	3_91_09-44-04.wav	32	2018-10-21 18:13:56.267975+00
16	there are a host mother father and some students from UCD and a language school there	3_91_09-44-27.wav	32	2018-10-21 18:13:56.267975+00
17	I just know my host families and one student so I will meet new friend today	3_92_09-46-26.wav	33	2018-10-21 18:13:56.267975+00
18	I'm really excited to meet them	3_95_09-49-20.wav	36	2018-10-21 18:13:56.267975+00
19	do you make asking your old friend	3_96_09-52-02.wav	37	2018-10-21 18:13:56.267975+00
20	do you often meet your old friend	3_96_09-52-19.wav	37	2018-10-21 18:13:56.267975+00
21	me too I live in Ireland bathroom my country	3_97_09-58-21.wav	38	2018-10-21 18:13:56.267975+00
22	me too I live in Ireland from my country	3_97_09-59-10.wav	38	2018-10-21 18:13:56.267975+00
23	me too I live in Ireland far from my country	3_97_09-59-21.wav	38	2018-10-21 18:13:56.267975+00
24	but I can contact with my family and friend in Japan using SMS	3_98_10-00-10.wav	39	2018-10-21 18:13:56.267975+00
35	we will go to a certain restaurant to eat my favourite food	7_127_15-17-53.wav	56	2018-10-21 18:13:56.267975+00
36	my favourite food is chicken and I really like these as well	7_128_15-18-52.wav	57	2018-10-21 18:13:56.267975+00
52	but at the Beginning when I join that	9_147_14-15-36.wav	67	2018-10-21 18:13:56.267975+00
53	that at the Beginning when I joined it in the class	9_147_14-15-44.wav	67	2018-10-21 18:13:56.267975+00
54	that at the Beginning when I joined it in the class  I decided to not to make Japanese friend	9_147_14-15-48.wav	67	2018-10-21 18:13:56.267975+00
34	tonight I will meet some friends for dinner	7_126_15-17-07.wav	55	2018-10-21 18:13:56.267975+00
37	my favourite food is chicken and I really like beef as well	7_128_15-19-04.wav	57	2018-10-21 18:13:56.267975+00
38	then we will drink together and talk about old times	7_131_15-21-53.wav	60	2018-10-21 18:13:56.267975+00
39	then we will drink and sing together and talk about old times	7_131_15-22-04.wav	60	2018-10-21 18:13:56.267975+00
40	today I'm going to meet with my Japanese friend	9_142_14-08-16.wav	62	2018-10-21 18:13:56.267975+00
41	she was my classmate in English Cross	9_143_14-09-25.wav	63	2018-10-21 18:13:56.267975+00
42	she was my classmate in an English class	9_143_14-09-40.wav	63	2018-10-21 18:13:56.267975+00
43	yes I'm excited to see her again	9_144_14-10-38.wav	64	2018-10-21 18:13:56.267975+00
44	I met her in the first class	9_145_14-11-24.wav	65	2018-10-21 18:13:56.267975+00
45	I met her in the first class  in around	9_145_14-11-26.wav	65	2018-10-21 18:13:56.267975+00
46	I met her in the first class	9_145_14-11-46.wav	65	2018-10-21 18:13:56.267975+00
47	but I	9_146_14-12-37.wav	66	2018-10-21 18:13:56.267975+00
48	but at the beginning I joined in the class I decided to not to make Japanese friend	9_146_14-12-51.wav	66	2018-10-21 18:13:56.267975+00
49	that at the Beginning when I joined the class I decided to not to make Japanese friend	9_147_14-14-37.wav	67	2018-10-21 18:13:56.267975+00
50	bad at the Beginning when I joined the class I decided to not to make Japanese Clans	9_147_14-14-58.wav	67	2018-10-21 18:13:56.267975+00
51	that at the Beginning when they joined the glass I decided to not to make Japanese friends	9_147_14-15-19.wav	67	2018-10-21 18:13:56.267975+00
55	but at the Beginning when they joined in the class	9_147_14-16-02.wav	67	2018-10-21 18:13:56.267975+00
56	but at the Beginning when they joined in the class  I decided to not to make Japanese friends	9_147_14-16-05.wav	67	2018-10-21 18:13:56.267975+00
57	but at the Beginning when I join it the class I decided to not to make Japanese Quince	9_147_14-16-27.wav	67	2018-10-21 18:13:56.267975+00
58	that at the Beginning when they join it the class I decided to not to make Japanese friends	9_147_14-16-47.wav	67	2018-10-21 18:13:56.267975+00
59	bad at the Beginning when I joined it's the class I decided to not to make Japanese Quince	9_147_14-17-03.wav	67	2018-10-21 18:13:56.267975+00
60	but at the Beginning when I join it the class I decided to not to make Japanese friends	9_147_14-17-33.wav	67	2018-10-21 18:13:56.267975+00
61	so I didn't talk with her match in the class	9_148_14-18-41.wav	68	2018-10-21 18:13:56.267975+00
62	so I didn't talk with her mouth in the class	9_148_14-18-51.wav	68	2018-10-21 18:13:56.267975+00
63	so I didn't talk with her much in the class	9_148_14-19-02.wav	68	2018-10-21 18:13:56.267975+00
64	then 3 months later	9_149_14-19-52.wav	69	2018-10-21 18:13:56.267975+00
65	then 3 months later  I change the level of class	9_149_14-19-56.wav	69	2018-10-21 18:13:56.267975+00
66	then 3 months later I changed the class	9_149_14-20-14.wav	69	2018-10-21 18:13:56.267975+00
67	then 3 months later I changed the level of class so I didn't meet her for a while	9_149_14-20-30.wav	69	2018-10-21 18:13:56.267975+00
68	then three months later I change the level of the class so I D I didn't meet her for file	9_149_14-20-54.wav	69	2018-10-21 18:13:56.267975+00
69	then three months later I change the level of the class so I didn't meet her for a while	9_149_14-21-18.wav	69	2018-10-21 18:13:56.267975+00
70	then 3 months later I changed the level of the class so I didn't meet her for a while	9_149_14-21-40.wav	69	2018-10-21 18:13:56.267975+00
71	after I graduated the school	9_150_14-23-00.wav	70	2018-10-21 18:13:56.267975+00
72	after I graduated the school  she contacted me	9_150_14-23-03.wav	70	2018-10-21 18:13:56.267975+00
73	after I graduated the school  she contacted me  to meet	9_150_14-23-06.wav	70	2018-10-21 18:13:56.267975+00
74	after I graduated the school she contacted me to see to drink	9_150_14-23-25.wav	70	2018-10-21 18:13:56.267975+00
75	we talked about our life in Ireland and how we feel	9_152_14-29-41.wav	72	2018-10-21 18:13:56.267975+00
76	we talked about our life in Ireland and how we feel  about the life in Ireland	9_152_14-29-44.wav	72	2018-10-21 18:13:56.267975+00
77	yes it was interesting	9_153_14-31-12.wav	73	2018-10-21 18:13:56.267975+00
78	I sympathize with her opinion because she is a Japanese in Ireland	9_154_14-32-41.wav	74	2018-10-21 18:13:56.267975+00
79	I sit beside with her salt because she is a Japanese in Ireland	9_154_14-32-59.wav	74	2018-10-21 18:13:56.267975+00
80	I sympathize with her salt because he is a Japanese in Ireland	9_154_14-33-11.wav	74	2018-10-21 18:13:56.267975+00
81	I sit beside with her throat because she is a Japanese in Ireland	9_154_14-33-23.wav	74	2018-10-21 18:13:56.267975+00
82	I sympathised with her salt because she is a Japanese in Ireland	9_154_14-33-54.wav	74	2018-10-21 18:13:56.267975+00
83	I sympathised with her fault because he is a Japanese in Ireland	9_154_14-34-13.wav	74	2018-10-21 18:13:56.267975+00
84	I think I talked with her third because she is a Japanese in Ireland	9_154_14-34-40.wav	74	2018-10-21 18:13:56.267975+00
85	I think resides with her throat because she is a Japanese in Ireland	9_154_14-34-51.wav	74	2018-10-21 18:13:56.267975+00
86	I sympathize with her sword because he is a Japanese in Ireland	9_154_14-35-03.wav	74	2018-10-21 18:13:56.267975+00
87	I'm leaving the house that I Live Now on Friday	12_155_12-34-46.wav	76	2018-10-21 18:13:56.267975+00
88	I'm leaving the house that I Live Now on the Friday	12_155_12-34-57.wav	76	2018-10-21 18:13:56.267975+00
89	I'm leaving a house that I made now on this Friday	12_155_12-35-11.wav	76	2018-10-21 18:13:56.267975+00
90	I'm leaving the house that I Live Now on this Friday	12_155_12-35-23.wav	76	2018-10-21 18:13:56.267975+00
91	I started packed my luggage	12_161_12-51-13.wav	81	2018-10-21 18:13:56.267975+00
92	I started packing my luggage	12_161_12-51-19.wav	81	2018-10-21 18:13:56.267975+00
93	I thought	12_162_12-52-12.wav	82	2018-10-21 18:13:56.267975+00
94	I thought  I didn't have so many things but	12_162_12-52-17.wav	82	2018-10-21 18:13:56.267975+00
95	I thought  I didn't have so many things but  my stuff	12_162_12-52-21.wav	82	2018-10-21 18:13:56.267975+00
96	I thought  I didn't have so many things but  my stuff  increased	12_162_12-52-22.wav	82	2018-10-21 18:13:56.267975+00
97	so I had to buy Cavan board box	12_163_12-53-43.wav	83	2018-10-21 18:13:56.267975+00
98	so I had to buy a cardboard box	12_163_12-53-57.wav	83	2018-10-21 18:13:56.267975+00
99	so I had to buy a cardboard box	12_163_12-54-11.wav	83	2018-10-21 18:13:56.267975+00
100	I also threw mine some things away	12_164_12-55-19.wav	84	2018-10-21 18:13:56.267975+00
101	I also threw some stuff away	12_164_12-55-37.wav	84	2018-10-21 18:13:56.267975+00
102	I also threw some my stuff away	12_164_12-55-45.wav	84	2018-10-21 18:13:56.267975+00
103	yes it is	12_165_12-56-49.wav	85	2018-10-21 18:13:56.267975+00
104	and I realised that I have a few days to leave here	12_166_12-57-33.wav	86	2018-10-21 18:13:56.267975+00
105	and I realise that I have a few days 2 weeks there	12_166_12-57-49.wav	86	2018-10-21 18:13:56.267975+00
106	and I realise that I have a few days	12_166_12-58-05.wav	86	2018-10-21 18:13:56.267975+00
107	and I realise that I have a few days  2 week there	12_166_12-58-06.wav	86	2018-10-21 18:13:56.267975+00
108	and I realised that I have a few days to live there	12_166_12-58-20.wav	86	2018-10-21 18:13:56.267975+00
109	that makes me feel sad	12_167_12-59-06.wav	87	2018-10-21 18:13:56.267975+00
110	yes I think I will	12_168_13-00-21.wav	88	2018-10-21 18:13:56.267975+00
111	the house is so so that the housemate are all kind and friendly	12_169_13-01-04.wav	89	2018-10-21 18:13:56.267975+00
112	the house is so sore but the housemate are all kind and friendly	12_169_13-01-22.wav	89	2018-10-21 18:13:56.267975+00
113	the house is so so but the housemate are all kind and friendly	12_169_13-01-41.wav	89	2018-10-21 18:13:56.267975+00
114	the house is so so that all the housemates are kind and friendly	12_169_13-02-01.wav	89	2018-10-21 18:13:56.267975+00
115	the house is so sore but all the housemates are kind and friendly	12_169_13-02-16.wav	89	2018-10-21 18:13:56.267975+00
116	the house is so so but all the housemates are kind and friendly	12_169_13-02-29.wav	89	2018-10-21 18:13:56.267975+00
117	during a long or do we breathe sunflower flatmates or is your friend	12_170_13-03-25.wav	90	2018-10-21 18:13:56.267975+00
118	do you live by yourself or with some quick mate	12_170_13-03-49.wav	90	2018-10-21 18:13:56.267975+00
119	do you live by yourself or with your friends	12_170_13-04-05.wav	90	2018-10-21 18:13:56.267975+00
120	I know did I	12_171_13-05-15.wav	91	2018-10-21 18:13:56.267975+00
121	I know did I  when I live in Japan	12_171_13-05-18.wav	91	2018-10-21 18:13:56.267975+00
122	I love our daddy died when they live in Japan	12_171_13-05-33.wav	91	2018-10-21 18:13:56.267975+00
123	so did I win night live in Japan	12_171_13-06-33.wav	91	2018-10-21 18:13:56.267975+00
124	so did I when I live in Japan	12_171_13-06-43.wav	91	2018-10-21 18:13:56.267975+00
125	L I thought I can't be patient to live with some people in one house	12_173_13-08-46.wav	93	2018-10-21 18:13:56.267975+00
126	and I thought I can't be patient to live with some people in one house	12_173_13-09-07.wav	93	2018-10-21 18:13:56.267975+00
127	but after I tried to leave me some people in my house I found that it's not uncomfortable for me	12_174_13-10-57.wav	94	2018-10-21 18:13:56.267975+00
128	but after I tried to live with some people in one house I found that it's not alka uncomfortable for me	12_174_13-11-24.wav	94	2018-10-21 18:13:56.267975+00
129	but after I tried to live with some people in one house I found that it's not uncle and comfortable for me	12_174_13-11-47.wav	94	2018-10-21 18:13:56.267975+00
130	but after I tried to leave with some people in one house I found that if not uncomfortable for me	12_174_13-12-08.wav	94	2018-10-21 18:13:56.267975+00
131	but after I tried to live with some people in one house I found that it's not uncomfortable for me	12_174_13-12-28.wav	94	2018-10-21 18:13:56.267975+00
132	yeah I hope so	12_175_13-13-41.wav	95	2018-10-21 18:13:56.267975+00
133	have you ever raped with some people	12_176_13-14-21.wav	96	2018-10-21 18:13:56.267975+00
134	have you ever lived with some people	12_176_13-14-30.wav	96	2018-10-21 18:13:56.267975+00
135	we just share your room with your friends	12_177_13-15-30.wav	97	2018-10-21 18:13:56.267975+00
136	did you sure you know with your friend	12_177_13-15-44.wav	97	2018-10-21 18:13:56.267975+00
137	you just said are you alright with your friend	12_177_13-15-52.wav	97	2018-10-21 18:13:56.267975+00
138	did you share your room with your friend	12_177_13-15-58.wav	97	2018-10-21 18:13:56.267975+00
139	hi Pierre  have you ever changed your job in your life	18_185_11-24-59.wav	98	2018-10-21 18:13:56.267975+00
140	have you ever changed your job and your wife	18_185_11-25-17.wav	98	2018-10-21 18:13:56.267975+00
141	have you ever changed your job in your life	18_185_11-25-31.wav	98	2018-10-21 18:13:56.267975+00
142	I quit my job before I went to around	18_186_11-26-31.wav	99	2018-10-21 18:13:56.267975+00
143	I quit my job before I went to Ireland	18_186_11-26-41.wav	99	2018-10-21 18:13:56.267975+00
144	I quit my job before I went to around	18_186_11-26-50.wav	99	2018-10-21 18:13:56.267975+00
145	I quit my job before I went to Ireland	18_186_11-27-00.wav	99	2018-10-21 18:13:56.267975+00
146	and I just went to	18_187_11-28-25.wav	100	2018-10-21 18:13:56.267975+00
147	and I just went back to Japan 10 days ago	18_187_11-28-33.wav	100	2018-10-21 18:13:56.267975+00
148	yes and it's time to find something in you	18_188_11-29-28.wav	101	2018-10-21 18:13:56.267975+00
149	yes and I think it's time to find something new	18_188_11-29-38.wav	101	2018-10-21 18:13:56.267975+00
150	thank you so	18_189_11-30-56.wav	102	2018-10-21 18:13:56.267975+00
151	thank you so  I'm interested in programming	18_189_11-30-59.wav	102	2018-10-21 18:13:56.267975+00
152	thank you so  I'm interested in programming  so	18_189_11-31-01.wav	102	2018-10-21 18:13:56.267975+00
153	thank you I'm interested in programming so	18_189_11-31-19.wav	102	2018-10-21 18:13:56.267975+00
154	thank you I'm interested in programming so  I will go to the school to learn to gumming	18_189_11-31-24.wav	102	2018-10-21 18:13:56.267975+00
155	thank you I'm interested in programming so I will go to a school to learn programming	18_189_11-31-43.wav	102	2018-10-21 18:13:56.267975+00
156	actually I already tried to enter a school	18_190_11-32-56.wav	103	2018-10-21 18:13:56.267975+00
157	but they said	18_191_11-33-44.wav	104	2018-10-21 18:13:56.267975+00
158	but they said . They can't	18_191_11-33-48.wav	104	2018-10-21 18:13:56.267975+00
159	but they said that they can't allow me to enter there because of my age and Cavalier	18_191_11-34-03.wav	104	2018-10-21 18:13:56.267975+00
160	but they said that they can't allow me to enter there because of my age and Kelly year	18_191_11-34-24.wav	104	2018-10-21 18:13:56.267975+00
161	they said that they can't allow me to enter there because of my age and career	18_191_11-34-54.wav	104	2018-10-21 18:13:56.267975+00
162	that they said that they can't allow me to enter there because of my age and carrier	18_191_11-35-03.wav	104	2018-10-21 18:13:56.267975+00
163	but they said that they can't allow me to enter there because of my age and career	18_191_11-35-30.wav	104	2018-10-21 18:13:56.267975+00
164	I was shocked to hear that cuz it will not be happened in many countries	18_192_11-36-39.wav	105	2018-10-21 18:13:56.267975+00
165	I was shocked to hear that because it will not be happened in many countries	18_192_11-36-56.wav	105	2018-10-21 18:13:56.267975+00
166	they offered me to enter the school without any supporting	18_195_11-40-31.wav	108	2018-10-21 18:13:56.267975+00
167	they offered me to enter the school without any supporting  to get a new job	18_195_11-40-33.wav	108	2018-10-21 18:13:56.267975+00
168	they offered me to enter the school without any sport to get a new job	18_195_11-40-55.wav	108	2018-10-21 18:13:56.267975+00
169	they offered me to enter the school without any support to get a new job	18_195_11-41-10.wav	108	2018-10-21 18:13:56.267975+00
170	got mail	18_196_11-42-52.wav	109	2018-10-21 18:13:56.267975+00
171	got mail  there are a few opportunity	18_196_11-42-57.wav	109	2018-10-21 18:13:56.267975+00
172	got mail  there are a few opportunity  company some company over	18_196_11-43-04.wav	109	2018-10-21 18:13:56.267975+00
173	which means	18_196_11-43-20.wav	109	2018-10-21 18:13:56.267975+00
174	which means  there are a few possibility that I can get a new job as a programmer	18_196_11-43-31.wav	109	2018-10-21 18:13:56.267975+00
175	that means there are a few possibility that I can be a programmer	18_196_11-44-24.wav	109	2018-10-21 18:13:56.267975+00
176	no I decided to try	18_197_11-46-33.wav	110	2018-10-21 18:13:56.267975+00
177	no I decided to try	18_197_11-46-47.wav	110	2018-10-21 18:13:56.267975+00
178	no I decided to try  some schools	18_197_11-46-48.wav	110	2018-10-21 18:13:56.267975+00
179	no I decided to try some schools	18_197_11-47-11.wav	110	2018-10-21 18:13:56.267975+00
180	no I decided to try some schools	18_197_11-47-24.wav	110	2018-10-21 18:13:56.267975+00
181	now I decided to try some schools	18_197_11-47-48.wav	110	2018-10-21 18:13:56.267975+00
182	thank you I hope I can go one of them	18_198_11-48-48.wav	111	2018-10-21 18:13:56.267975+00
183	thank you I hope I can go through one of them	18_198_11-49-00.wav	111	2018-10-21 18:13:56.267975+00
184	thank you I hope I can go to one of them	18_198_11-49-07.wav	111	2018-10-21 18:13:56.267975+00
185	thank you have you ever tried to learn something new these days these days	18_199_11-50-30.wav	112	2018-10-21 18:13:56.267975+00
186	thank you have you ever tried to learn something new they safe	18_199_11-50-55.wav	112	2018-10-21 18:13:56.267975+00
187	thank you have you ever tried to learn something new these days	18_199_11-51-03.wav	112	2018-10-21 18:13:56.267975+00
188	today I am testing a system	13_200_13-20-31.wav	113	2018-10-21 18:13:56.267975+00
189	High tier  you also feel stress	20_202_13-20-50.wav	115	2018-10-21 18:13:56.267975+00
190	you often feel stories	20_202_13-20-59.wav	115	2018-10-21 18:13:56.267975+00
191	do you often feel stressed	20_202_13-21-31.wav	115	2018-10-21 18:13:56.267975+00
192	do you often feel stressed	20_202_13-21-38.wav	115	2018-10-21 18:13:56.267975+00
193	you ought to feel stress	20_202_13-21-44.wav	115	2018-10-21 18:13:56.267975+00
194	do you often feel stress	20_202_13-21-55.wav	115	2018-10-21 18:13:56.267975+00
195	how do you release your stress usually	20_204_13-23-07.wav	116	2018-10-21 18:13:56.267975+00
196	I don't usually feel stress much	20_204_13-23-55.wav	116	2018-10-21 18:13:56.267975+00
197	I don't usually feel stress much  but sometimes I feel	20_204_13-23-58.wav	116	2018-10-21 18:13:56.267975+00
198	I mean I sometimes feel stress	20_205_13-24-54.wav	117	2018-10-21 18:13:56.267975+00
199	when I feel stressed	20_206_13-26-07.wav	118	2018-10-21 18:13:56.267975+00
200	when I feel stressed  I usually try not to think about it too much	20_206_13-26-14.wav	118	2018-10-21 18:13:56.267975+00
201	I usually try not to think about it too much when I feel stressed	20_206_13-27-43.wav	118	2018-10-21 18:13:56.267975+00
202	yes I think so	20_207_13-28-54.wav	119	2018-10-21 18:13:56.267975+00
203	for example	20_208_13-29-58.wav	120	2018-10-21 18:13:56.267975+00
204	for example  when I feel stressed	20_208_13-30-00.wav	120	2018-10-21 18:13:56.267975+00
205	for example  when I feel stressed  I do	20_208_13-30-03.wav	120	2018-10-21 18:13:56.267975+00
206	for example  when I feel stressed  I do  something different	20_208_13-30-07.wav	120	2018-10-21 18:13:56.267975+00
207	for example when I feel stressed	20_208_13-30-17.wav	120	2018-10-21 18:13:56.267975+00
208	for example when I feel stressed  I sometimes wash dishes	20_208_13-30-22.wav	120	2018-10-21 18:13:56.267975+00
209	and also I sometimes wash my clothes by hand	20_209_13-31-35.wav	121	2018-10-21 18:13:56.267975+00
210	and also I sometimes wash my clothes by hand  without thinking anything	20_209_13-31-38.wav	121	2018-10-21 18:13:56.267975+00
211	and also I sometimes wash my clothes by hand without syncing anything	20_209_13-31-56.wav	121	2018-10-21 18:13:56.267975+00
212	and also I sometimes wash my clothes by hand without thinking anything	20_209_13-32-08.wav	121	2018-10-21 18:13:56.267975+00
213	the point is not to think about anything	20_211_13-34-17.wav	123	2018-10-21 18:13:56.267975+00
214	the point is not to think about anything during you wash clothes or the shoes	20_211_13-34-34.wav	123	2018-10-21 18:13:56.267975+00
215	the point is not to think about anything joling you wash clothes or	20_211_13-34-53.wav	123	2018-10-21 18:13:56.267975+00
216	the point is not to think about anything during you wash cloth or they shoot	20_211_13-35-03.wav	123	2018-10-21 18:13:56.267975+00
217	the point is not to think about anything during you wash clothes or the sheets	20_211_13-35-18.wav	123	2018-10-21 18:13:56.267975+00
218	the point is not to think about anything during you wash clothes or tissues	20_211_13-35-42.wav	123	2018-10-21 18:13:56.267975+00
219	the point is not the thing about anything during the washcloth or this year	20_211_13-35-53.wav	123	2018-10-21 18:13:56.267975+00
220	the point is not to think about anything during you wash clothes or this is	20_211_13-36-09.wav	123	2018-10-21 18:13:56.267975+00
221	yes I did	20_213_13-38-15.wav	125	2018-10-21 18:13:56.267975+00
222	yes I did  I think	20_213_13-38-18.wav	125	2018-10-21 18:13:56.267975+00
223	yes I did  I think  it makes	20_213_13-38-21.wav	125	2018-10-21 18:13:56.267975+00
224	yes I did  I think  it makes  Mayfield	20_213_13-38-23.wav	125	2018-10-21 18:13:56.267975+00
225	yes I did I think	20_213_13-38-52.wav	125	2018-10-21 18:13:56.267975+00
226	yes I did I think  it's mailed it makes	20_213_13-38-55.wav	125	2018-10-21 18:13:56.267975+00
227	yes I did I think  it's mailed it makes  myself refresh	20_213_13-38-58.wav	125	2018-10-21 18:13:56.267975+00
228	yes I did I think it makes myself Lee flesh	20_213_13-39-08.wav	125	2018-10-21 18:13:56.267975+00
229	yes I do. I think it makes my self refresh	20_213_13-39-18.wav	125	2018-10-21 18:13:56.267975+00
230	yes I do I think it makes me weak Rush	20_213_13-39-39.wav	125	2018-10-21 18:13:56.267975+00
231	yes I do I think it makes me refresh	20_213_13-39-49.wav	125	2018-10-21 18:13:56.267975+00
232	and also I can find some solution after that	20_214_13-41-13.wav	126	2018-10-21 18:13:56.267975+00
233	and also I can find some solutions access.	20_214_13-41-23.wav	126	2018-10-21 18:13:56.267975+00
234	and also I can find some solutions after.	20_214_13-41-31.wav	126	2018-10-21 18:13:56.267975+00
235	and also I can find some solutions after that	20_214_13-41-40.wav	126	2018-10-21 18:13:56.267975+00
236	how do you release your stress usually	20_215_13-42-56.wav	127	2018-10-21 18:13:56.267975+00
237	you have something method do you erase your stress	20_215_13-43-51.wav	127	2018-10-21 18:13:56.267975+00
238	do you have something method to erase your message.	20_215_13-44-06.wav	127	2018-10-21 18:13:56.267975+00
239	you have something message to wear with your stress	20_215_13-44-12.wav	127	2018-10-21 18:13:56.267975+00
240	do you have something method to release your stress	20_215_13-44-20.wav	127	2018-10-21 18:13:56.267975+00
241	that's good idea	20_218_13-47-03.wav	130	2018-10-21 18:13:56.267975+00
242	I think I will try it next time	20_220_13-49-02.wav	132	2018-10-21 18:13:56.267975+00
243	I will go to the shop this evening	19_201_13-20-36.wav	133	2018-10-21 18:13:56.267975+00
244	I'm looking for a loon to LEAP in Osaka because I will go to the school there	22_224_13-52-19.wav	136	2018-10-21 18:13:56.267975+00
245	I'm looking for a room to leave in Osaka because I will go to the school there	22_224_13-52-37.wav	136	2018-10-21 18:13:56.267975+00
246	I'm looking for a room to leave in osyka because I will go to the school there	22_224_13-52-55.wav	136	2018-10-21 18:13:56.267975+00
247	I'm looking for a room to live in Osaka because I will go to the school there	22_224_13-53-28.wav	136	2018-10-21 18:13:56.267975+00
248	I'm looking for a room to rent in Osaka because I will go to a school there	22_224_13-53-46.wav	136	2018-10-21 18:13:56.267975+00
249	I'm looking for a room to leave in a second because I will go to the school there	22_224_13-53-58.wav	136	2018-10-21 18:13:56.267975+00
250	I'm looking for a room to sleep in Osaka because I will go to a school there	22_224_13-54-09.wav	136	2018-10-21 18:13:56.267975+00
251	I'm looking for a room to rent in Osaka because I will go to a school there	22_224_13-54-25.wav	136	2018-10-21 18:13:56.267975+00
252	I'm looking for a room to leave in a second because I will go to your school there	22_224_13-54-34.wav	136	2018-10-21 18:13:56.267975+00
253	I'm looking for a room to sleep in Osaka because I will go to a school there	22_224_13-54-49.wav	136	2018-10-21 18:13:56.267975+00
254	I'm looking for a room to live in Osaka because I will go to a school there	22_224_13-55-08.wav	136	2018-10-21 18:13:56.267975+00
255	at the beginning	22_225_13-57-45.wav	137	2018-10-21 18:13:56.267975+00
256	at the beginning I was looking for an apartment	22_225_13-57-57.wav	137	2018-10-21 18:13:56.267975+00
257	at the beginning I was looking for an apartment  that has	22_225_13-57-59.wav	137	2018-10-21 18:13:56.267975+00
258	at the beginning I was looking for an apartment  that has  some furniture and	22_225_13-58-05.wav	137	2018-10-21 18:13:56.267975+00
259	at the beginning I was looking for an apartment that had some furniture Furnitures and consumer electronics	22_225_13-58-40.wav	137	2018-10-21 18:13:56.267975+00
260	at the beginning I was looking for an apartment that had some furniture it and electric appliances	22_225_13-59-13.wav	137	2018-10-21 18:13:56.267975+00
261	at the beginning I was looking for an apartment that had some furniture. And electric appliances	22_225_13-59-32.wav	137	2018-10-21 18:13:56.267975+00
262	at the beginning I was looking for an apartment that has some furniture and electric appliances	22_225_13-59-49.wav	137	2018-10-21 18:13:56.267975+00
263	I found that this kind of looms	22_226_14-00-38.wav	138	2018-10-21 18:13:56.267975+00
264	I found that this kind of looms  quite expensive	22_226_14-00-42.wav	138	2018-10-21 18:13:56.267975+00
265	but I found that this kind of worms expansive	22_226_14-00-56.wav	138	2018-10-21 18:13:56.267975+00
266	but I found that this kind of worms are quite expensive	22_226_14-01-07.wav	138	2018-10-21 18:13:56.267975+00
267	but I found that this kind of rooms fight expensive	22_226_14-01-22.wav	138	2018-10-21 18:13:56.267975+00
268	but I found that this kind of rooms at quite expensive	22_226_14-01-33.wav	138	2018-10-21 18:13:56.267975+00
269	but I found that this kind of rooms are quite expensive	22_226_14-01-45.wav	138	2018-10-21 18:13:56.267975+00
270	so no living in a shared house	22_227_14-02-50.wav	139	2018-10-21 18:13:56.267975+00
271	so no living in a shared house  eat	22_227_14-02-52.wav	139	2018-10-21 18:13:56.267975+00
272	so no living in a shared house  eat  option	22_227_14-02-56.wav	139	2018-10-21 18:13:56.267975+00
273	so now living in a shared house is one of my option	22_227_14-03-12.wav	139	2018-10-21 18:13:56.267975+00
274	so now leaving in the shed house is one of my auctions	22_227_14-03-32.wav	139	2018-10-21 18:13:56.267975+00
275	so now living in a shed house is one of my options	22_227_14-03-44.wav	139	2018-10-21 18:13:56.267975+00
276	so now leaving in the share the house is one of my options	22_227_14-03-55.wav	139	2018-10-21 18:13:56.267975+00
277	so now leaving in the shed house is one of my options	22_227_14-04-05.wav	139	2018-10-21 18:13:56.267975+00
278	so now living in the shed house is one of my option	22_227_14-04-14.wav	139	2018-10-21 18:13:56.267975+00
279	so now living in the shared house is one of my options	22_227_14-04-35.wav	139	2018-10-21 18:13:56.267975+00
280	so now leaving in the shed house is one of my options	22_227_14-04-53.wav	139	2018-10-21 18:13:56.267975+00
281	so now leaving in the shed house is one of my options	22_227_14-05-00.wav	139	2018-10-21 18:13:56.267975+00
282	so now living in a shed house is one of my options	22_227_14-05-08.wav	139	2018-10-21 18:13:56.267975+00
283	so now living in that shared house is one of my option	22_227_14-05-21.wav	139	2018-10-21 18:13:56.267975+00
284	so now living in a shared house is one of my auctions	22_227_14-05-29.wav	139	2018-10-21 18:13:56.267975+00
285	so now leaving in the shirt house is one of my options	22_227_14-05-42.wav	139	2018-10-21 18:13:56.267975+00
286	so now leaving in a shared house is one of my options	22_227_14-05-51.wav	139	2018-10-21 18:13:56.267975+00
287	so now leaving in the shirt house in one	22_227_14-05-59.wav	139	2018-10-21 18:13:56.267975+00
288	so now living in the shared house is one of my options	22_227_14-06-06.wav	139	2018-10-21 18:13:56.267975+00
289	so now leaving in not shared house is one of my option	22_227_14-06-18.wav	139	2018-10-21 18:13:56.267975+00
290	so now living in Nazareth house is one of my options	22_227_14-06-40.wav	139	2018-10-21 18:13:56.267975+00
291	so now leaving in at shared house is one of my options	22_227_14-06-51.wav	139	2018-10-21 18:13:56.267975+00
292	so now leaving in that shirt house is one of my options	22_227_14-07-05.wav	139	2018-10-21 18:13:56.267975+00
293	so now leaving in the shed house is one of my options	22_227_14-07-59.wav	139	2018-10-21 18:13:56.267975+00
294	so now leaving in the shirt house is one of my options	22_227_14-08-10.wav	139	2018-10-21 18:13:56.267975+00
295	so now leaving in the shared house is one of my options	22_227_14-08-19.wav	139	2018-10-21 18:13:56.267975+00
296	so now leaving in a shared house is one of my options	22_227_14-08-30.wav	139	2018-10-21 18:13:56.267975+00
297	so now living in a shared house is one of my options	22_227_14-08-55.wav	139	2018-10-21 18:13:56.267975+00
298	I live in the shirt house	22_228_14-09-57.wav	140	2018-10-21 18:13:56.267975+00
299	I live in the shirt house  I can so I can play with my money	22_228_14-10-02.wav	140	2018-10-21 18:13:56.267975+00
300	if I live in the shared house I can save my money	22_228_14-10-16.wav	140	2018-10-21 18:13:56.267975+00
301	if I live in a shared house I can save my money	22_228_14-10-37.wav	140	2018-10-21 18:13:56.267975+00
302	but it's not common to leave in a shirt house in Japan	22_229_14-11-41.wav	141	2018-10-21 18:13:56.267975+00
303	but it's not common two in the shirt house in Japan	22_229_14-11-52.wav	141	2018-10-21 18:13:56.267975+00
304	but it's not coming to leave in the shirt house in Japan	22_229_14-12-02.wav	141	2018-10-21 18:13:56.267975+00
305	but it's not common	22_229_14-12-26.wav	141	2018-10-21 18:13:56.267975+00
306	but it's not coming to live in shirt house in Japan	22_229_14-12-33.wav	141	2018-10-21 18:13:56.267975+00
307	but it's not come on to leave in the shared house in Japan	22_229_14-12-41.wav	141	2018-10-21 18:13:56.267975+00
308	but it's not coming to live in the shared house in Japan	22_229_14-12-49.wav	141	2018-10-21 18:13:56.267975+00
309	but it's not come on lady in that shirt house in Japan	22_229_14-12-58.wav	141	2018-10-21 18:13:56.267975+00
310	but it's not coming to live in the shared housing Japan	22_229_14-13-08.wav	141	2018-10-21 18:13:56.267975+00
311	that it's not coming to live in the shirt house in Japan	22_229_14-13-16.wav	141	2018-10-21 18:13:56.267975+00
312	but it's not common to live in that shared house in Japan	22_229_14-13-26.wav	141	2018-10-21 18:13:56.267975+00
313	but it's not coming to live in that shirt house in Japan	22_229_14-13-39.wav	141	2018-10-21 18:13:56.267975+00
314	but it's not coming to leave it in that shared housing	22_229_14-13-45.wav	141	2018-10-21 18:13:56.267975+00
315	but it's not common to live in a shared housing	22_229_14-13-53.wav	141	2018-10-21 18:13:56.267975+00
316	but it's not coming to live in that shirt house in Japan	22_229_14-14-07.wav	141	2018-10-21 18:13:56.267975+00
317	but it's not come on to leave in that shared housing Japan	22_229_14-14-17.wav	141	2018-10-21 18:13:56.267975+00
318	but it's not coming to live in a shared housing Japan	22_229_14-14-25.wav	141	2018-10-21 18:13:56.267975+00
319	but it's not come on to leave in the shared house in Japan	22_229_14-14-38.wav	141	2018-10-21 18:13:56.267975+00
320	but it's not coming to LEAP in the shared housing Japan	22_229_14-14-48.wav	141	2018-10-21 18:13:56.267975+00
321	but it's not common to rape in a shared house in Japan	22_229_14-14-57.wav	141	2018-10-21 18:13:56.267975+00
322	but it's not come on too late in that shirt house India	22_229_14-15-05.wav	141	2018-10-21 18:13:56.267975+00
323	but it's not come on too late in that shirt house in Japan	22_229_14-15-14.wav	141	2018-10-21 18:13:56.267975+00
324	but it's not common to live in that shared house in Japan	22_229_14-15-24.wav	141	2018-10-21 18:13:56.267975+00
325	but it's not common to live in a shared house in Japan	22_229_14-15-36.wav	141	2018-10-21 18:13:56.267975+00
326	I think it's because our personality	22_230_14-16-33.wav	142	2018-10-21 18:13:56.267975+00
327	I think it's because our personality  we play for secure our private privacy	22_230_14-16-40.wav	142	2018-10-21 18:13:56.267975+00
328	I think it's because our personality	22_230_14-16-57.wav	142	2018-10-21 18:13:56.267975+00
329	yes I think so many of Japanese prefer to secure their personal space	22_232_14-18-51.wav	144	2018-10-21 18:13:56.267975+00
335	is about	30_239_11-13-15.wav	150	2018-10-21 18:13:56.267975+00
332	1 2 3 4	29_237_10-35-05.wav	148	2018-10-21 18:13:56.267975+00
333	today we have a part-time job in my school and then we have a meeting	30_238_11-11-42.wav	149	2018-10-21 18:13:56.267975+00
334	the meeting is about	30_239_11-12-59.wav	150	2018-10-21 18:13:56.267975+00
336	about the activity which we have.  It last Tuesday	30_239_11-13-38.wav	150	2018-10-21 18:13:56.267975+00
337	the activity is about welcome the new suit	30_240_11-15-11.wav	151	2018-10-21 18:13:56.267975+00
338	but the students they are have some disabled and the sound  sick	30_240_11-15-48.wav	151	2018-10-21 18:13:56.267975+00
339	it Owasso about  a new	30_240_11-16-11.wav	151	2018-10-21 18:13:56.267975+00
340	it'll eyes about  the meeting which we welcome the new student	30_240_11-16-26.wav	151	2018-10-21 18:13:56.267975+00
341	the activity is about  we welcome the new student who has some disease just like autism	30_241_11-17-59.wav	152	2018-10-21 18:13:56.267975+00
342	South the day we have the feedback about that activity	30_242_11-20-58.wav	153	2018-10-21 18:13:56.267975+00
343	and I also have some encouraging from the other people	30_243_11-22-24.wav	154	2018-10-21 18:13:56.267975+00
344	thanks I see and that's why I'm happy this today	30_244_11-24-56.wav	155	2018-10-21 18:13:56.267975+00
345	yeah more over and I learned a lot from today this activity because we have some feedback for example when we take pictures for others we need to say one two three cheese and some of  activities we can have more passionate about  these  activities to be more	30_245_11-26-38.wav	156	2018-10-21 18:13:56.267975+00
346	yeah moreover I learned a lot from the activity because we have some feedback for example  need to  we need to  say	30_246_11-30-13.wav	157	2018-10-21 18:13:56.267975+00
347	yeah I learned a lot from the activity because we have some feedback	30_247_11-34-24.wav	158	2018-10-21 18:13:56.267975+00
348	I think it is great to review and the find out what we can fit into	30_248_11-38-38.wav	159	2018-10-21 18:13:56.267975+00
349	he described to  introduce my  to share my feelings thanks	30_249_11-41-49.wav	160	2018-10-21 18:13:56.267975+00
350		31_250_10-29-07.wav	161	2018-10-21 18:13:56.267975+00
351		31_250_10-29-50.wav	161	2018-10-21 18:13:56.267975+00
352		31_250_10-29-58.wav	161	2018-10-21 18:13:56.267975+00
353	hello	31_250_10-41-05.wav	161	2018-10-21 18:13:56.267975+00
354	thank you	31_251_10-43-19.wav	162	2018-10-21 18:13:56.267975+00
355	no wash you I we do	31_252_10-43-48.wav	163	2018-10-21 18:13:56.267975+00
356	no wash you I we do	31_252_10-43-54.wav	163	2018-10-21 18:13:56.267975+00
357	no Hoshi we want to do	31_252_10-44-03.wav	163	2018-10-21 18:13:56.267975+00
358	what should we do now	31_254_10-48-48.wav	165	2018-10-21 18:13:56.267975+00
359	hello	31_254_10-54-31.wav	165	2018-10-21 18:13:56.267975+00
360	thanks for your pendant	31_255_10-55-34.wav	166	2018-10-21 18:13:56.267975+00
361	thanks for your pendant	31_255_10-55-58.wav	166	2018-10-21 18:13:56.267975+00
362	sentence for your patient	31_255_10-56-07.wav	166	2018-10-21 18:13:56.267975+00
363	yesterday I made my wish list  for next 5 years	32_256_13-36-12.wav	167	2018-10-22 14:11:24.321319+00
364	because I think it will help when I think about my future	32_258_13-38-05.wav	169	2018-10-22 14:11:24.345365+00
365	one of the waste is going to rusher	32_259_13-38-57.wav	170	2018-10-22 14:11:24.357434+00
366	one of the least is going to Russia	32_259_13-39-13.wav	170	2018-10-22 14:11:24.359604+00
367	what numbs the list is going to Russia	32_259_13-39-22.wav	170	2018-10-22 14:11:24.361717+00
368	one of the earliest is going to Russia	32_259_13-39-37.wav	170	2018-10-22 14:11:24.363803+00
369	one of the rest is going to washer	32_259_13-39-49.wav	170	2018-10-22 14:11:24.365922+00
370	one of the list is going to Russia	32_259_13-39-59.wav	170	2018-10-22 14:11:24.367947+00
371	one of the list are going to Archer	32_260_13-40-39.wav	171	2018-10-22 14:11:24.379973+00
372	one of the list are going to washer	32_260_13-40-49.wav	171	2018-10-22 14:11:24.382064+00
373	one of the list are going to Russia	32_260_13-40-56.wav	171	2018-10-22 14:11:24.384102+00
374	actually	32_261_13-42-10.wav	172	2018-10-22 14:11:24.39592+00
375	actually  I started Russian languages when I words University student	32_261_13-42-18.wav	172	2018-10-22 14:11:24.397997+00
376	actually  I started Russian languages when I words University student  because I was interested in Russian culture	32_261_13-42-26.wav	172	2018-10-22 14:11:24.400035+00
377	actually I studied Russian language when I was University student because I was interested in Russian culture	32_261_13-42-45.wav	172	2018-10-22 14:11:24.402091+00
378	but now	32_264_13-45-18.wav	175	2018-10-22 14:11:24.432643+00
379	but now  I forgot almost Russian	32_264_13-45-23.wav	175	2018-10-22 14:11:24.434739+00
380	but now  I forgot almost Russian  that I rant	32_264_13-45-25.wav	175	2018-10-22 14:11:24.436766+00
381	but now I forgot almost all Russian. I studied	32_264_13-45-44.wav	175	2018-10-22 14:11:24.438831+00
382	but now I forgot almost Russian that I studied	32_264_13-45-56.wav	175	2018-10-22 14:11:24.440851+00
383	but now I forgot almost all ocean that I studied	32_264_13-46-05.wav	175	2018-10-22 14:11:24.442896+00
384	but now I forgot almost all Russian. I studied	32_264_13-46-14.wav	175	2018-10-22 14:11:24.444922+00
385	but now I forgot almost all Russian that I studied	32_264_13-46-26.wav	175	2018-10-22 14:11:24.446963+00
386	so I think I will need to start the Russian again before I go into washer	32_265_13-47-26.wav	176	2018-10-22 14:11:24.458377+00
387	so I think I will need to study Russian again before going to Russia	32_265_13-47-46.wav	176	2018-10-22 14:11:24.460444+00
388	I want to	32_266_13-48-36.wav	177	2018-10-22 14:11:24.471883+00
389	I want to  take a Siberian train	32_266_13-48-39.wav	177	2018-10-22 14:11:24.473959+00
390	have you ever been to Lost year	32_267_13-49-15.wav	178	2018-10-22 14:11:24.485484+00
391	have you ever been to Russia	32_267_13-49-23.wav	178	2018-10-22 14:11:24.48755+00
392	if you take a sea Berry and trains what will you do there	32_268_13-50-14.wav	179	2018-10-22 14:11:24.499041+00
393	if you take a severian train what will you do there	32_268_13-50-28.wav	179	2018-10-22 14:11:24.501096+00
394	if you take a severian train what will you do there	32_268_13-50-40.wav	179	2018-10-22 14:11:24.503149+00
395	if you take a civilian train what will you do there	32_268_13-50-55.wav	179	2018-10-22 14:11:24.505196+00
396	that's a good idea	32_269_13-52-35.wav	180	2018-10-22 14:11:24.516711+00
397	that's a good idea  I will	32_269_13-52-40.wav	180	2018-10-22 14:11:24.518789+00
398	that's a good idea  I will  also read a book in Siberian train	32_269_13-52-45.wav	180	2018-10-22 14:11:24.520823+00
399	that's a good idea I will also lead bricks in Siberian tree	32_269_13-53-00.wav	180	2018-10-22 14:11:24.522919+00
400	that's a good idea I will also read books in Siberian train	32_269_13-53-12.wav	180	2018-10-22 14:11:24.52495+00
401	I have a series of	32_271_13-55-21.wav	182	2018-10-22 14:11:24.54567+00
402	I have a series of  Nick's favorite books	32_271_13-55-25.wav	182	2018-10-22 14:11:24.547727+00
403	I have a series of my favorites books	32_271_13-55-42.wav	182	2018-10-22 14:11:24.549782+00
404	in the books	32_272_13-56-48.wav	183	2018-10-22 14:11:24.561598+00
405	in the books  a guy travel from Japan to London	32_272_13-56-55.wav	183	2018-10-22 14:11:24.563677+00
406	in the books  a guy travel from Japan to London  result	32_272_13-56-57.wav	183	2018-10-22 14:11:24.565755+00
407	in the books  a guy travel from Japan to London  result  using playing	32_272_13-57-03.wav	183	2018-10-22 14:11:24.56779+00
408	in the book's a guy travels from Japan to London	32_272_13-57-18.wav	183	2018-10-22 14:11:24.569842+00
409	in the book's a guy travels from Japan to London  without using plan	32_272_13-57-20.wav	183	2018-10-22 14:11:24.571878+00
410	in the book's a guy traveled Japan to London result using airplane	32_272_13-57-38.wav	183	2018-10-22 14:11:24.573945+00
411	in the book's a guy travels Japan to London without using airplane	32_272_13-57-51.wav	183	2018-10-22 14:11:24.575977+00
412	in the book A guy travels Japan to London without using airplane	32_272_13-58-10.wav	183	2018-10-22 14:11:24.578022+00
413	in the book A guy troubles Japan to London without using airplane	32_272_13-58-21.wav	183	2018-10-22 14:11:24.580049+00
414	in the book's a guy travels from Japan to London without using airplane	32_273_13-59-52.wav	184	2018-10-22 14:11:24.591568+00
415	the guy is 26 years old and	32_275_14-02-05.wav	186	2018-10-22 14:11:24.612347+00
416	the guy is 26 years old and  when I was 26 years old I let it	32_275_14-02-09.wav	186	2018-10-22 14:11:24.614437+00
417	the guy is 26 years old and when I was 26 years old I read it	32_275_14-02-25.wav	186	2018-10-22 14:11:24.6165+00
418	the guy is 26 years old and when I was 26 years old I read the books	32_275_14-02-36.wav	186	2018-10-22 14:11:24.618546+00
485	I'm in a hurry for the whole day but I wasn't late for any activity	50_335_13-11-35.wav	241	2018-11-01 13:39:38.4674+00
486	I was in a hurry for the whole day but I wasn't late for any of it please	50_336_13-12-38.wav	242	2018-11-01 13:39:38.480868+00
459		45_313_12-36-15.wav	222	2018-10-26 12:48:15.391896+00
460	I felt happy because I have long Choice my friend stay	45_313_12-36-35.wav	222	2018-10-26 12:48:15.394509+00
461	yes I have lots of fun with them	45_314_12-41-11.wav	223	2018-10-26 12:48:15.407367+00
462	how about you	45_315_12-42-15.wav	224	2018-10-26 12:48:15.419312+00
463	maybe I will go to another restaurant within	45_315_12-42-55.wav	224	2018-10-26 12:48:15.421474+00
464	reach them	45_315_12-43-07.wav	224	2018-10-26 12:48:15.423616+00
465	maybe I will go another restaurant with them next week	45_315_12-44-45.wav	224	2018-10-26 12:48:15.425779+00
466	baby I will go to another restaurants within next week	45_316_12-45-58.wav	225	2018-10-26 12:48:15.438697+00
442	my midterm exam start this week	42_296_14-00-34.wav	206	2018-10-23 14:11:22.375655+00
443	my midterm exam will start in this week	42_297_14-01-07.wav	207	2018-10-23 14:11:22.38893+00
444	my midterm exam will start this week	42_298_14-03-28.wav	208	2018-10-23 14:11:22.400977+00
445	yes I have but I don't think I'm finished with my studying	42_299_14-04-48.wav	209	2018-10-23 14:11:22.413064+00
446	today I had  an accounting question but I didn't understood what the teacher was talking about	42_302_14-10-32.wav	211	2018-10-23 14:11:22.434698+00
467		48_319_10-32-58.wav	226	2018-10-30 10:52:23.575762+00
468		48_320_10-34-10.wav	227	2018-10-30 10:52:23.588944+00
487	I was in a hurry for the whole day but I was late for any activities	50_337_13-13-47.wav	243	2018-11-01 13:39:38.492889+00
488	I was in a hurry for the whole day but I wasn't late for any activity	50_338_13-14-51.wav	244	2018-11-01 13:39:38.50487+00
469		48_321_10-35-48.wav	228	2018-10-30 10:52:23.600923+00
470	can you hear me	48_322_10-36-46.wav	229	2018-10-30 10:52:23.612755+00
471	my wife is okay	48_323_10-37-33.wav	230	2018-10-30 10:52:23.624607+00
472	I love to learn English by my English is very sad my master study in my mother's kitchen from English program my sister and brother the same my mother gets a phone in this program	48_324_10-38-47.wav	231	2018-10-30 10:52:23.63668+00
473	I love to learn English but my English is not good	48_326_10-41-33.wav	233	2018-10-30 10:52:23.657852+00
474	I tried to learn English but I don't know how I'm about to learn English	48_327_10-42-38.wav	234	2018-10-30 10:52:23.669403+00
475	I tried to learn English but I don't know how improve to my English	48_328_10-43-27.wav	235	2018-10-30 10:52:23.681+00
476	I have made me fall in	48_329_10-45-24.wav	236	2018-10-30 10:52:23.692548+00
477	I have bowling them friends he speak we speak	48_330_10-46-21.wav	237	2018-10-30 10:52:23.704119+00
478	I have folding there	48_330_10-46-28.wav	237	2018-10-30 10:52:23.706231+00
479	I have many fall in the frame he used English to speak with me but I always understand what are you talkin about	48_330_10-46-46.wav	237	2018-10-30 10:52:23.708286+00
480	Eve Fallen us fan	48_331_10-47-40.wav	238	2018-10-30 10:52:23.71983+00
481	East fall in love friends	48_331_10-48-03.wav	238	2018-10-30 10:52:23.72195+00
482	fall in love friends	48_332_10-48-52.wav	239	2018-10-30 10:52:23.733501+00
483	flooring and Foreigner	48_333_10-50-17.wav	240	2018-10-30 10:52:23.746174+00
484	orange and Foreigner in the same	48_333_10-50-32.wav	240	2018-10-30 10:52:23.748281+00
489	I woke up too late in the morning so I couldn't leave my friend first  in my house	50_339_13-16-08.wav	245	2018-11-01 13:39:38.529991+00
490	I buy my breakfast on the way to my school  and  ate it before the class started	50_340_13-17-46.wav	246	2018-11-01 13:39:38.54199+00
491	I told my breakfast where I was on the way to school and they did before the class starts	50_341_13-19-46.wav	247	2018-11-01 13:39:38.553914+00
492	I ate my breakfast in a hurry  and  I think I should wake up earlier to have more time to eat my breakfast	50_342_13-21-25.wav	248	2018-11-01 13:39:38.565577+00
493	after  bike class finished  to my home	50_343_13-22-55.wav	249	2018-11-01 13:39:38.577253+00
494	why is the answer home better than to go home	50_344_13-28-03.wav	250	2018-11-01 13:39:38.588801+00
495	the ring on the bus broken though the bus driver didn't know I want you go  found	50_345_13-30-26.wav	251	2018-11-01 13:39:38.60036+00
496	the Bell on the bus was broken so the bus driver didn't know I want to go down	50_346_13-32-05.wav	252	2018-11-01 13:39:38.61199+00
497	the fell on the bus was broken so the bus driver didn't know I wanted to go down	50_347_13-33-32.wav	253	2018-11-01 13:39:38.623548+00
498	the Bell on the bus was broken so the bus driver didn't know I wanted to go down	50_348_13-35-54.wav	254	2018-11-01 13:39:38.635142+00
499	I have to I had to walk  home  for 10 minutes	50_349_13-36-57.wav	255	2018-11-01 13:39:38.646887+00
500	I had to take 10 minutes more to walk home	50_349_13-37-21.wav	255	2018-11-01 13:39:38.648989+00
501	is it right to say  I wanted to go down or is there an other better answer	50_350_13-38-35.wav	256	2018-11-01 13:39:38.660536+00
502	1 2 3 4	52_352_12-16-17.wav	257	2018-11-05 12:30:22.804174+00
503	nice to meet you	52_353_12-17-45.wav	258	2018-11-05 12:30:22.833067+00
504	nice to meet you	52_353_12-17-54.wav	258	2018-11-05 12:30:22.835599+00
505	I felt really bad	52_356_12-21-00.wav	261	2018-11-05 12:30:22.869504+00
506	then we went to the park	52_357_12-22-02.wav	262	2018-11-05 12:30:22.881538+00
507	it was a very sunny day	53_358_12-23-13.wav	265	2018-11-05 12:34:26.132029+00
512	today I don't have class at night finally so I can I could go to play Squash	60_366_13-38-50.wav	271	2018-11-06 14:11:36.408057+00
513	and what's more I think my back has improved a lot	60_367_13-39-51.wav	272	2018-11-06 14:11:36.421247+00
514	but on the other hand my first hand wasn't so good like before	60_368_13-41-37.wav	273	2018-11-06 14:11:36.433307+00
515	I think it's because I used too much time to train my back at	60_368_13-42-03.wav	273	2018-11-06 14:11:36.435428+00
516	on the other hand my first hand wasn't so good like before I think it's has  I used too much time to improve my back	60_368_13-42-44.wav	273	2018-11-06 14:11:36.437518+00
517	what sport do you like	60_369_13-43-58.wav	274	2018-11-06 14:11:36.449357+00
518	I have a score competition after 2 weeks	60_370_13-45-32.wav	275	2018-11-06 14:11:36.461369+00
519	I have a squash position after 2 weeks	60_370_13-45-48.wav	275	2018-11-06 14:11:36.463451+00
520	I have a squash competition after two weeks	60_370_13-45-57.wav	275	2018-11-06 14:11:36.465499+00
521	I have a squash competition after two weeks	60_371_13-46-47.wav	276	2018-11-06 14:11:36.477296+00
522	I will have a squash competition in 2 weeks	60_371_13-46-57.wav	276	2018-11-06 14:11:36.479383+00
523	yeah but actually I don't have much time to practice for it	60_372_13-47-54.wav	277	2018-11-06 14:11:36.491105+00
524	no I have to Mitchum exam in this week and after two weeks I have another to mature	60_373_13-49-04.wav	278	2018-11-06 14:11:36.502758+00
525	no I have 2 midterm exam in this week and after two weeks I will have now there to midterm exam	60_373_13-49-21.wav	278	2018-11-06 14:11:36.504833+00
526	no I have to mature and exams in this week and after two weeks I will have  2  more picture I'm exam	60_373_13-49-43.wav	278	2018-11-06 14:11:36.506918+00
527	no I have two midterm exams in this week and after two weeks I will have another two more mature stamps	60_373_13-50-02.wav	278	2018-11-06 14:11:36.508983+00
528	no I have two midterm exams in this week and after two weeks I will have another two more mature stamps	60_374_13-51-17.wav	279	2018-11-06 14:11:36.520808+00
529	no I will have two more midterms	60_374_13-51-29.wav	279	2018-11-06 14:11:36.522894+00
530	no I will have to make sure my exams in this week and after two weeks I will have another two exam	60_374_13-51-42.wav	279	2018-11-06 14:11:36.524926+00
531	no I have	60_374_13-51-57.wav	279	2018-11-06 14:11:36.526974+00
532	no I will have to midterm exams in this week and after two weeks I will have neither 2 exam	60_374_13-52-12.wav	279	2018-11-06 14:11:36.528993+00
533	Q	60_376_13-53-48.wav	281	2018-11-06 14:11:36.549817+00
534	no I will have to midterm exams  this week and  two weeks later I will have another two exams	60_376_13-56-04.wav	281	2018-11-06 14:11:36.551876+00
535	and I have almost every day  class from 6 to 8  at night	60_377_13-57-19.wav	282	2018-11-06 14:11:36.563485+00
536	I have almost every day class from 6 to 8 at night and it is the time where I usually eat my squash	60_377_13-57-44.wav	282	2018-11-06 14:11:36.565596+00
537	I have almost every day class from 6 to 8 at night and it is the time where I usually trade my Scorpios	60_377_13-58-24.wav	282	2018-11-06 14:11:36.567639+00
538	I have almost every day cast from 6 to 8 at night and it is the time where I usually train my score skills	60_377_13-58-42.wav	282	2018-11-06 14:11:36.569697+00
539	I have almost every day class from 6 to 8 at night and it is the time where I usually train my squash	60_377_13-59-06.wav	282	2018-11-06 14:11:36.571726+00
540	I have almost every day class from 6 to 8 at 9 and it is the time when I usually change my score	60_378_14-00-46.wav	283	2018-11-06 14:11:36.583287+00
541	I have almost every day class from 6 to 8 at night and it is the time when I usually train my Scorpio	60_378_14-01-15.wav	283	2018-11-06 14:11:36.585375+00
542	I have class almost every day from  6 to 8 at night and it just the time when I usually try my scores	60_379_14-03-33.wav	284	2018-11-06 14:11:36.596876+00
543	I have plans almost every day from 6 to 8 at night and it is  the time when I usually play Squash	60_380_14-06-23.wav	285	2018-11-06 14:11:36.60844+00
544	I have class almost every day from 6 to 8 at night and it is the time when I usually pays for	60_380_14-06-42.wav	285	2018-11-06 14:11:36.610578+00
545	I have plans almost every day from 6 to 8 at night and it is the time when I usually play for	60_380_14-07-03.wav	285	2018-11-06 14:11:36.612619+00
546	I have a lot of classes semesters	60_381_14-08-43.wav	286	2018-11-06 14:11:36.624166+00
547	I have a lot of plastic semester	60_381_14-08-50.wav	286	2018-11-06 14:11:36.626238+00
548	I have a lot of class this semester	60_381_14-08-59.wav	286	2018-11-06 14:11:36.628258+00
557	I did a lot of work today	62_388_12-56-46.wav	293	2018-11-07 13:24:29.115268+00
558	this is a test sentence	62_389_13-09-38.wav	294	2018-11-07 13:24:29.127301+00
559	this is another test sentence	62_390_13-14-44.wav	295	2018-11-07 13:24:29.139352+00
554	today I woke up at 7	62_385_12-52-53.wav	290	2018-11-07 13:24:29.07744+00
555	I ate breakfast and I ate quite a lot	62_386_12-54-20.wav	291	2018-11-07 13:24:29.090883+00
556	I go to work after that	62_387_12-55-09.wav	292	2018-11-07 13:24:29.103124+00
560	hello	62_391_13-20-59.wav	296	2018-11-07 13:24:29.151423+00
561	this is a test sentence	62_392_15-19-37.wav	297	2018-11-07 15:31:12.525969+00
562	yesterday I go to work very early	63_393_15-05-21.wav	298	2018-11-08 15:37:00.860882+00
563	I read the very interested book	65_396_13-40-32.wav	300	2018-11-13 14:11:38.034976+00
564	I have three a very interesting book today	65_396_13-40-52.wav	300	2018-11-13 14:11:38.037593+00
565	the book is pre-made of Park Avenue	65_397_13-42-04.wav	301	2018-11-13 14:11:38.050748+00
566	the book is remakes of Park Avenue	65_397_13-43-00.wav	301	2018-11-13 14:11:38.052996+00
567	the book is pre-made of Park Avenue	65_397_13-43-11.wav	301	2018-11-13 14:11:38.055194+00
568	the author is a mother move to New York and live there	65_398_13-44-24.wav	302	2018-11-13 14:11:38.067705+00
569	the author is a mother who moved to New York and live there	65_398_13-44-41.wav	302	2018-11-13 14:11:38.069872+00
570	the author is a mother who moved to New York and if there	65_398_13-44-57.wav	302	2018-11-13 14:11:38.071966+00
571	the author is a mother who moved to New York	65_399_13-46-17.wav	303	2018-11-13 14:11:38.083791+00
572	she is talking about the Society of New York City	65_400_13-47-23.wav	304	2018-11-13 14:11:38.095659+00
573	the Society of New York City is really different from us	65_401_13-48-34.wav	305	2018-11-13 14:11:38.107589+00
574	the Society of New York City is really different from ours	65_402_13-49-38.wav	306	2018-11-13 14:11:38.119421+00
575	the woman's life in the high-pressure and needs to do everything perfect	65_403_13-50-43.wav	307	2018-11-13 14:11:38.131703+00
576	the woman in New York City live in a high pressure and needs to do everything perfect	65_403_13-51-20.wav	307	2018-11-13 14:11:38.133973+00
577	the women in New York City lived in a high pressure and needs to do everything perfect	65_404_13-53-21.wav	308	2018-11-13 14:11:38.14599+00
578	I was reading the book and almost forgot to go home	65_405_13-57-09.wav	309	2018-11-13 14:11:38.157819+00
579	and so I remember that I have class tonight	65_406_13-59-19.wav	310	2018-11-13 14:11:38.169425+00
580	suddenly I remember that I have class tonight	65_407_14-00-57.wav	311	2018-11-13 14:11:38.181029+00
581	suddenly I remembered that I have a class tonight	65_408_14-02-02.wav	312	2018-11-13 14:11:38.192711+00
582	fortunately now because  I jumped onto the bus in the last minute	65_409_14-03-52.wav	313	2018-11-13 14:11:38.204635+00
583	unfortunately no because I jumped onto the fast on the left	65_409_14-04-03.wav	313	2018-11-13 14:11:38.206964+00
584	fortunately now because I jumped onto the	65_409_14-04-14.wav	313	2018-11-13 14:11:38.209064+00
585	fortunately no because I jump into the fast on the last minute	65_409_14-04-23.wav	313	2018-11-13 14:11:38.21113+00
586	fortunately now because I jump into the fast on the last minute	65_409_14-04-38.wav	313	2018-11-13 14:11:38.213202+00
587	fortunately no because I jump into the fast on the last minute	65_409_14-04-52.wav	313	2018-11-13 14:11:38.215241+00
588	fortunately now because I jump into the fast on the last minute	65_409_14-05-23.wav	313	2018-11-13 14:11:38.217293+00
589	fortunately no because I jump into the fast in the last minute	65_410_14-06-18.wav	314	2018-11-13 14:11:38.228913+00
590	fortunately now because I jumped it into the fast  on the last minute	65_411_14-07-25.wav	315	2018-11-13 14:11:38.240902+00
591	fortunately now because I jumped it  aren't you the boss  at the last minute	65_412_14-08-41.wav	316	2018-11-13 14:11:38.253284+00
592	so I arrived home on time and do the class	65_413_14-10-03.wav	317	2018-11-13 14:11:38.265583+00
593	so I arrived home on time and date the fast	65_413_14-10-16.wav	317	2018-11-13 14:11:38.267741+00
594	so I arrived home on time and date the fast	65_413_14-10-34.wav	317	2018-11-13 14:11:38.269821+00
595	so I arrived home on time and did the class	65_413_14-10-47.wav	317	2018-11-13 14:11:38.271882+00
596	I was happy today because tomorrow we are School have school have a school anniversary	66_414_11-37-35.wav	318	2018-11-14 12:05:26.427897+00
597	our school anniversary can have one day  take off for our shoes so we don't need to go to school	66_415_11-42-57.wav	319	2018-11-14 12:05:26.441001+00
598	so my friends and I have a plan  who wants to  have a seat	66_416_11-45-43.wav	320	2018-11-14 12:05:26.452969+00
599	following is our plan in the morning we will go to National Museum	66_418_11-48-53.wav	322	2018-11-14 12:05:26.474557+00
600	after visiting the national museum we will go to  play the board again	66_419_11-51-54.wav	323	2018-11-14 12:05:26.486606+00
601	so I that's why I am happy today	66_421_11-56-14.wav	325	2018-11-14 12:05:26.50784+00
602	yeah we will have lunch with my friend I hope I can have a great time tomorrow	66_422_11-57-42.wav	326	2018-11-14 12:05:26.519486+00
603	wow short and visiting the museum is my dream in my life	66_423_11-59-18.wav	327	2018-11-14 12:05:26.531033+00
604	I have many dreams and I think I have courage to  make my dream come true just like visiting the museum in my life 1	66_424_12-00-47.wav	328	2018-11-14 12:05:26.542626+00
605	just like I like to play drama so  I will  find some drama where I can ask acting	66_425_12-02-47.wav	329	2018-11-14 12:05:26.554156+00
606	play drama means  have a role play	66_426_12-04-07.wav	330	2018-11-14 12:05:26.565897+00
\.


--
-- Name: face_permaudiofile_id_seq; Type: SEQUENCE SET; Schema: public; Owner: john
--

SELECT pg_catalog.setval('public.face_permaudiofile_id_seq', 606, true);


--
-- Data for Name: face_permpronunciationrequest; Type: TABLE DATA; Schema: public; Owner: john
--

COPY public.face_permpronunciationrequest (id, text_to_speech, created_at, sentence_id) FROM stdin;
4	foreigner and Foreigner in the same	2018-10-30 10:52:23.751698+00	240
5	foreigner and Foreigner is not same	2018-10-30 10:52:23.754139+00	240
6	hello	2018-11-07 13:24:29.154851+00	296
\.


--
-- Name: face_permpronunciationrequest_id_seq; Type: SEQUENCE SET; Schema: public; Owner: john
--

SELECT pg_catalog.setval('public.face_permpronunciationrequest_id_seq', 6, true);


--
-- Data for Name: face_permsentence; Type: TABLE DATA; Schema: public; Owner: john
--

COPY public.face_permsentence (id, sentence, sentence_timestamp, question, judgement, judgement_timestamp, emotion, nod, "nodSpeed", "nodAmount", surprise, indexes, correction, correction_timestamp, whats_wrong, whats_wrong_timestamp, try_again, try_again_timestamp, show_correction, show_correction_timestamp, next_sentence, next_sentence_timestamp, prompt, created_at, updated_at, learner_id, session_id) FROM stdin;
31	I'm excited because I'm visiting my host family's house today	2018-08-30 09:42:43.766198+00	f	C	2018-08-30 09:43:02.271089+00	[0.6, 0.3]	\N	0.0	0.0	0.2	\N		\N	\N	\N	\N	\N	\N	\N	\N	\N	oh that is great!	2018-08-30 10:03:32.566824+00	2018-08-30 10:03:32.566842+00	2	3
32	there are a host mother, father and some students from UCD and a language school 	2018-08-30 09:45:26.22566+00	f	C	2018-08-30 09:45:46.742225+00	[0.5, 0.2]	t	0.5	0.2	0.0	\N		\N	\N	\N	\N	\N	\N	\N	\N	\N	\N	2018-08-30 10:03:32.604294+00	2018-08-30 10:03:32.604311+00	2	3
33	I just know my host families and one student so I will meet some new friends today	2018-08-30 09:47:13.170347+00	f	I	2018-08-30 09:47:26.380971+00	[0, 0]	\N	0.0	0.0	0.0	[[20, 28]]	family	2018-08-30 09:47:35.829994+00	\N	\N	t	2018-08-30 09:47:44.380303+00	\N	\N	\N	\N	\N	2018-08-30 10:03:32.618417+00	2018-08-30 10:03:32.618433+00	2	3
34	I just know my host families and a student so I will meet some new friends today	2018-08-30 09:47:54.852677+00	f	I	2018-08-30 09:48:03.685462+00	[0, 0]	\N	0.0	0.0	0.0	[[20, 28]]	family	2018-08-30 09:48:15.117877+00	t	2018-08-30 09:48:17.543291+00	t	2018-08-30 09:48:37.630418+00	\N	\N	\N	\N	\N	2018-08-30 10:03:32.628381+00	2018-08-30 10:03:32.628397+00	2	3
35	I just know my host family and a student so I will meet some new friends today	2018-08-30 09:48:47.040427+00	f	C	2018-08-30 09:48:59.973849+00	[0.4, -0.5]	t	0.4	0.2	0.0	\N		\N	\N	\N	\N	\N	\N	\N	\N	\N	\N	2018-08-30 10:03:32.636239+00	2018-08-30 10:03:32.636255+00	2	3
36	I'm really excited to meet them	2018-08-30 09:49:24.616333+00	f	C	2018-08-30 09:49:51.749645+00	[0.7, 0.3]	\N	0.0	0.0	0.3	\N		\N	\N	\N	\N	\N	\N	\N	\N	\N	It should be a lot of fun. It's always great to meet old friends!	2018-08-30 10:03:32.644108+00	2018-08-30 10:03:32.644125+00	2	3
37	do you often meet your old friends?	2018-08-30 09:52:47.071164+00	f	C	2018-08-30 09:53:28.654635+00	[-0.2, -0.6]	f	0.1	0.3	0.0	\N		\N	\N	\N	\N	\N	\N	\N	\N	\N	no, not often. Most of my old friends live far away and I don't get to see them much.	2018-08-30 10:03:32.654313+00	2018-08-30 10:03:32.654329+00	2	3
38	me too, I live in Ireland far from my country	2018-08-30 09:59:33.072738+00	f	C	2018-08-30 09:59:44.111389+00	[-0.1, -0.4]	t	0.1	0.2	0.0	\N		\N	\N	\N	\N	\N	\N	\N	\N	\N	\N	2018-08-30 10:03:32.666163+00	2018-08-30 10:03:32.66618+00	2	3
39	but I can contact with my family and friend in Japan using SMS	2018-08-30 10:00:56.505022+00	f	I	2018-08-30 10:01:00.959221+00	[0, 0]	\N	0.0	0.0	0.0	[[18, 22], [37, 43]]	[del] # friends	2018-08-30 10:01:22.735692+00	\N	\N	t	2018-08-30 10:01:24.674788+00	\N	\N	\N	\N	\N	2018-08-30 10:03:32.680105+00	2018-08-30 10:03:32.68012+00	2	3
40	but I can contact with my family and friends in Japan using SNS	2018-08-30 10:01:44.417031+00	f	I	2018-08-30 10:01:54.223694+00	[0, 0]	\N	0.0	0.0	0.0	[[18, 22]]	[del]	2018-08-30 10:02:05.103859+00	t	2018-08-30 10:02:31.515626+00	t	2018-08-30 10:02:48.368404+00	\N	\N	\N	\N	\N	2018-08-30 10:03:32.689932+00	2018-08-30 10:03:32.689948+00	2	3
41	but I can contact my family and friends in Japan using SNS	2018-08-30 10:02:59.104543+00	f	C	2018-08-30 10:03:16.600056+00	[0.5, -0.4]	t	0.4	0.3	0.0	\N		\N	\N	\N	\N	\N	\N	\N	\N	\N	\N	2018-08-30 10:03:32.697655+00	2018-08-30 10:03:32.697673+00	2	3
55	tonight I will meet some friends for dinner	2018-08-31 15:17:14.116142+00	f	C	2018-08-31 15:17:23.427196+00	[0.6, 0.3]	t	0.5	0.3	0.1	\N		\N	\N	\N	\N	\N	\N	\N	\N	\N	\N	2018-08-31 15:31:15.673405+00	2018-08-31 15:31:15.673422+00	1	7
56	we will go to a chicken restaurant to eat my favourite food	2018-08-31 15:18:07.138295+00	f	C	2018-08-31 15:18:21.770092+00	[0.6, 0]	\N	0.0	0.0	0.0	\N		\N	\N	\N	\N	\N	\N	\N	\N	\N	What type of food is that?	2018-08-31 15:31:15.683732+00	2018-08-31 15:31:15.683749+00	1	7
57	my favourite food is chicken and I really like beef as well	2018-08-31 15:19:17.112632+00	f	C	2018-08-31 15:19:32.658057+00	[0.6, 0.2]	\N	0.0	0.0	0.3	\N		\N	\N	\N	\N	\N	\N	\N	\N	\N	Sounds delicious	2018-08-31 15:31:15.694175+00	2018-08-31 15:31:15.694192+00	1	7
58	We will spend times together have fun	2018-08-31 15:20:04.520569+00	f	I	2018-08-31 15:20:08.250807+00	[0, 0]	\N	0.0	0.0	0.0	\N		\N	\N	\N	t	2018-08-31 15:20:28.657559+00	\N	\N	\N	\N	\N	2018-08-31 15:31:15.706435+00	2018-08-31 15:31:15.706451+00	1	7
59	We will spend time together have fun	2018-08-31 15:20:38.10623+00	f	I	2018-08-31 15:20:40.674019+00	[0, 0]	\N	0.0	0.0	0.0	[[28, 32]]	having	2018-08-31 15:20:52.374241+00	t	2018-08-31 15:20:59.778231+00	\N	\N	t	2018-08-31 15:21:18.32438+00	t	2018-08-31 15:21:27.686216+00	\N	2018-08-31 15:31:15.714322+00	2018-08-31 15:31:15.714337+00	1	7
60	then we will drink and sing together and talk about old times	2018-08-31 15:22:08.317928+00	f	C	2018-08-31 15:22:33.348702+00	[0.3, -0.4]	t	0.4	0.4	0.0	\N		\N	\N	\N	\N	\N	\N	\N	\N	\N	\N	2018-08-31 15:31:15.722226+00	2018-08-31 15:31:15.722243+00	1	7
61	I will probably come home late	2018-08-31 15:30:51.042749+00	f	C	2018-08-31 15:30:59.892082+00	[-0.4, 0]	\N	0.0	0.0	0.3	\N		\N	\N	\N	\N	\N	\N	\N	\N	\N	\N	2018-08-31 15:31:15.734489+00	2018-08-31 15:31:15.734506+00	1	7
62	today I'm going to meet with my Japanese friend	2018-09-03 14:08:27.025577+00	f	C	2018-09-03 14:08:39.88085+00	[0.5, 0.4]	\N	0.0	0.0	0.3	\N		\N	\N	\N	\N	\N	\N	\N	\N	\N	\N	2018-09-03 14:36:22.867984+00	2018-09-03 14:36:22.868001+00	2	9
63	she was my classmate in an English class	2018-09-03 14:09:46.001903+00	f	C	2018-09-03 14:10:12.479885+00	[0.6, 0.2]	\N	0.0	0.0	0.1	\N		\N	\N	\N	\N	\N	\N	\N	\N	\N	Oh I see, you must be excited to see her again	2018-09-03 14:36:22.88013+00	2018-09-03 14:36:22.880146+00	2	9
64	yes I'm excited to see her again	2018-09-03 14:10:43.251844+00	f	C	2018-09-03 14:10:52.559952+00	[0.5, -0.3]	t	0.4	0.3	0.0	\N		\N	\N	\N	\N	\N	\N	\N	\N	\N	\N	2018-09-03 14:36:22.89269+00	2018-09-03 14:36:22.892706+00	2	9
65	I met her in the first class	2018-09-03 14:11:51.25763+00	f	C	2018-09-03 14:12:13.082559+00	[0.6, 0.1]	\N	0.0	0.0	0.0	\N		\N	\N	\N	\N	\N	\N	\N	\N	\N	Oh. So you have known her for a long time then.	2018-09-03 14:36:22.903037+00	2018-09-03 14:36:22.903053+00	2	9
66	but at the beginning I joined in the class I decided to not to make Japanese friends	2018-09-03 14:13:05.199404+00	f	I	2018-09-03 14:13:16.213706+00	[0, 0]	\N	0.0	0.0	0.0	[[20, 21], [30, 32]]	when # [del]	2018-09-03 14:14:02.793392+00	t	2018-09-03 14:13:38.077153+00	t	2018-09-03 14:14:20.892052+00	\N	\N	\N	\N	\N	2018-09-03 14:36:22.91746+00	2018-09-03 14:36:22.917475+00	2	9
67	but at the Beginning when I joined the class I decided to not to make Japanese friends	2018-09-03 14:17:49.767422+00	f	C	2018-09-03 14:18:15.761607+00	[0.4, -0.4]	t	0.1	0.5	0.0	\N		\N	\N	\N	\N	\N	\N	\N	\N	\N	That is a very good idea!	2018-09-03 14:36:22.929977+00	2018-09-03 14:36:22.929993+00	2	9
68	so I didn't talk with her much in the class	2018-09-03 14:19:06.826031+00	f	C	2018-09-03 14:19:22.009082+00	[0.2, -0.4]	t	0.2	0.2	0.0	\N		\N	\N	\N	\N	\N	\N	\N	\N	\N	\N	2018-09-03 14:36:22.96283+00	2018-09-03 14:36:22.962847+00	2	9
69	then 3 months later I changed the level of the class so I didn't meet her for a while	2018-09-03 14:21:49.649673+00	f	C	2018-09-03 14:22:08.921139+00	[-0.1, -0.5]	t	0.4	0.1	0.0	\N		\N	\N	\N	\N	\N	\N	\N	\N	\N	Oh, that is a pity.	2018-09-03 14:36:22.977025+00	2018-09-03 14:36:22.97704+00	2	9
70	after I graduated the school she contacted me to see to drink	2018-09-03 14:23:33.199656+00	f	I	2018-09-03 14:23:57.361543+00	[0, 0]	\N	0.0	0.0	0.0	[[17, 18], [52, 55]]	from # me and have a	2018-09-03 14:24:45.049816+00	\N	\N	t	2018-09-03 14:26:42.851475+00	\N	\N	\N	\N	graduated from the school	2018-09-03 14:36:22.999277+00	2018-09-03 14:36:22.999292+00	2	9
71	after I graduated from the school she contacted me to see to drink	2018-09-03 14:26:55.255742+00	f	I	2018-09-03 14:27:40.809914+00	[0, 0]	\N	0.0	0.0	0.0	[[58, 60]]	me and have a	2018-09-03 14:28:26.248326+00	t	2018-09-03 14:28:17.561437+00	\N	\N	t	2018-09-03 14:28:43.639592+00	t	2018-09-03 14:28:54.32719+00	\N	2018-09-03 14:36:23.015363+00	2018-09-03 14:36:23.015379+00	2	9
72	we talked about our life in Ireland and how we feel  about the life in Ireland	2018-09-03 14:29:56.773649+00	f	C	2018-09-03 14:30:22.986462+00	[0.4, -0.3]	t	0.5	0.2	0.0	\N		\N	\N	\N	\N	\N	\N	\N	\N	\N	You must have had such interesting experiences	2018-09-03 14:36:23.02314+00	2018-09-03 14:36:23.023156+00	2	9
73	yes it was interesting	2018-09-03 14:31:15.429757+00	f	C	2018-09-03 14:31:42.706562+00	[0.8, 0.3]	t	0.8	0.1	0.0	\N		\N	\N	\N	\N	\N	\N	\N	\N	\N	\N	2018-09-03 14:36:23.035353+00	2018-09-03 14:36:23.035369+00	2	9
74	I sympathized with her thought because he is a Japanese in Ireland	2018-09-03 14:35:22.790102+00	f	I	2018-09-03 14:35:32.820798+00	[0, 0]	\N	0.0	0.0	0.0	[[23, 30], [39, 41], [55, 56]]	[del] # she # person	2018-09-03 14:36:03.330709+00	t	2018-09-03 14:35:47.241342+00	t	2018-09-03 14:36:16.02739+00	\N	\N	\N	\N	\N	2018-09-03 14:36:23.049174+00	2018-09-03 14:36:23.049189+00	2	9
75	hello	2018-09-06 12:45:44.061668+00	f	I	2018-09-06 12:45:46.82772+00	[0, 0]	\N	0.0	0.0	0.0	[[2, 4]]	ge	2018-09-06 12:46:03.040359+00	t	2018-09-06 12:46:04.726726+00	\N	\N	t	2018-09-06 12:46:20.991612+00	t	2018-09-06 12:46:28.096914+00	\N	2018-09-06 12:55:57.846751+00	2018-09-06 12:55:57.846767+00	1	13
76	I'm leaving the house that I Live Now on this Friday	2018-09-06 12:37:05.64811+00	f	I	2018-09-06 12:37:11.273372+00	[0, 0]	\N	0.0	0.0	0.0	[[33, 34], [38, 40]]	in # [del]	2018-09-06 12:37:31.611274+00	\N	\N	t	2018-09-06 12:37:35.313308+00	\N	\N	\N	\N	\N	2018-09-06 13:16:58.330989+00	2018-09-06 13:16:58.331005+00	2	12
77	I'm leaving the house that I live now on this Friday	2018-09-06 12:37:46.599539+00	f	I	2018-09-06 12:37:53.059323+00	[0, 0]	\N	0.0	0.0	0.0	[[33, 34], [38, 40]]	in # [del]	2018-09-06 12:38:08.37865+00	\N	\N	t	2018-09-06 12:38:10.5872+00	\N	\N	\N	\N	\N	2018-09-06 13:16:58.351406+00	2018-09-06 13:16:58.351422+00	2	12
78	I'm leaving a house that I live now on this Friday	2018-09-06 12:38:20.197466+00	f	I	2018-09-06 12:38:29.197101+00	[0, 0]	\N	0.0	0.0	0.0	[[12, 13], [31, 32], [36, 38]]	the # in # [del]	2018-09-06 12:38:49.395444+00	\N	\N	t	2018-09-06 12:38:41.791283+00	\N	\N	\N	\N	\N	2018-09-06 13:16:58.359619+00	2018-09-06 13:16:58.359634+00	2	12
79	I'm leaving a house that I live now this Friday	2018-09-06 12:38:50.933849+00	f	I	2018-09-06 12:38:56.170377+00	[0, 0]	\N	0.0	0.0	0.0	[[12, 13], [31, 32]]	the # in	2018-09-06 12:39:11.345896+00	\N	\N	t	2018-09-06 12:39:13.163382+00	\N	\N	\N	\N	\N	2018-09-06 13:16:58.367577+00	2018-09-06 13:16:58.367593+00	2	12
80	I'm leaving a house where I live this Friday	2018-09-06 12:39:47.507605+00	f	I	2018-09-06 12:39:58.330449+00	[0, 0]	\N	0.0	0.0	0.0	[[12, 13]]	the	2018-09-06 12:40:04.135625+00	t	2018-09-06 12:40:08.019608+00	\N	\N	t	2018-09-06 12:40:26.427031+00	t	2018-09-06 12:42:06.561126+00	\N	2018-09-06 13:16:58.375523+00	2018-09-06 13:16:58.375538+00	2	12
81	I started packing my luggage	2018-09-06 12:51:23.767201+00	f	C	2018-09-06 12:51:35.577913+00	[0.6, 0.2]	t	0.5	0.2	0.2	\N		\N	\N	\N	\N	\N	\N	\N	\N	\N	\N	2018-09-06 13:16:58.383503+00	2018-09-06 13:16:58.383519+00	2	12
82	I thought  I didn't have so many things but  my stuff  increased	2018-09-06 12:52:50.563918+00	f	C	2018-09-06 12:53:15.721915+00	[0.5, 0.4]	\N	0.0	0.0	0.5	\N		\N	\N	\N	\N	\N	\N	\N	\N	\N	That always happens	2018-09-06 13:16:58.395765+00	2018-09-06 13:16:58.395781+00	2	12
83	so I had to buy a cardboard box	2018-09-06 12:54:15.513922+00	f	C	2018-09-06 12:54:30.02128+00	[0.4, -0.3]	t	0.1	0.4	0.0	\N		\N	\N	\N	\N	\N	\N	\N	\N	\N	\N	2018-09-06 13:16:58.412187+00	2018-09-06 13:16:58.412204+00	2	12
84	I also threw some my stuff away	2018-09-06 12:55:48.265986+00	f	C	2018-09-06 12:56:17.964723+00	[-0.2, -0.3]	\N	0.0	0.0	0.0	\N		\N	\N	\N	\N	\N	\N	\N	\N	\N	It's always sad to have to throw away stuff, even if it is small	2018-09-06 13:16:58.426189+00	2018-09-06 13:16:58.426206+00	2	12
85	yes it is	2018-09-06 12:56:51.842723+00	f	C	2018-09-06 12:57:02.124317+00	[-0.1, -0.3]	t	0.4	0.2	0.0	\N		\N	\N	\N	\N	\N	\N	\N	\N	\N	\N	2018-09-06 13:16:58.440171+00	2018-09-06 13:16:58.440188+00	2	12
86	and I realised that I have a few days to live there	2018-09-06 12:58:28.386051+00	f	C	2018-09-06 12:58:43.237711+00	[-0.2, -0.5]	t	0.1	0.1	0.0	\N		\N	\N	\N	\N	\N	\N	\N	\N	\N	\N	2018-09-06 13:16:58.449987+00	2018-09-06 13:16:58.450004+00	2	12
87	that makes me feel sad	2018-09-06 12:59:10.991321+00	f	C	2018-09-06 12:59:43.022947+00	[-0.2, -0.5]	t	0.4	0.4	0.0	\N		\N	\N	\N	\N	\N	\N	\N	\N	\N	I'm so sorry to hear that. I guess you will miss your house a lot.	2018-09-06 13:16:58.468079+00	2018-09-06 13:16:58.468096+00	2	12
88	yes I think I will	2018-09-06 13:00:26.950058+00	f	C	2018-09-06 13:00:36.08617+00	[-0.2, -0.4]	t	0.5	0.2	0.0	\N		\N	\N	\N	\N	\N	\N	\N	\N	\N	\N	2018-09-06 13:16:58.47795+00	2018-09-06 13:16:58.477967+00	2	12
89	the house is so so but all the housemates are kind and friendly	2018-09-06 13:02:34.842456+00	f	C	2018-09-06 13:02:49.74237+00	[0.6, 0.3]	t	0.4	0.1	0.0	\N		\N	\N	\N	\N	\N	\N	\N	\N	\N	ok	2018-09-06 13:16:58.487756+00	2018-09-06 13:16:58.487773+00	2	12
90	do you live by yourself or with your friends	2018-09-06 13:04:15.058145+00	f	C	2018-09-06 13:04:31.302944+00	[0.3, -0.2]	\N	0.0	0.0	0.0	\N		\N	\N	\N	\N	\N	\N	\N	\N	\N	I live by myself.	2018-09-06 13:16:58.507916+00	2018-09-06 13:16:58.507933+00	2	12
91	so did I when I live in Japan	2018-09-06 13:06:47.196158+00	f	I	2018-09-06 13:06:52.328285+00	[0, 0]	\N	0.0	0.0	0.0	[[16, 20]]	lived	2018-09-06 13:07:01.511027+00	t	2018-09-06 13:07:33.438045+00	t	2018-09-06 13:07:53.063797+00	\N	\N	\N	\N	\N	2018-09-06 13:16:58.521951+00	2018-09-06 13:16:58.521966+00	2	12
92	so did I when I lived in Japan	2018-09-06 13:08:00.740029+00	f	C	2018-09-06 13:08:09.208367+00	[0.3, -0.3]	t	0.4	0.0	0.0	\N		\N	\N	\N	\N	\N	\N	\N	\N	\N	\N	2018-09-06 13:16:58.540079+00	2018-09-06 13:16:58.540096+00	2	12
93	and I thought I can't be patient to live with some people in one house	2018-09-06 13:09:15.050301+00	f	B	2018-09-06 13:09:57.273035+00	[0.2, -0.3]	\N	0.0	0.0	0.0	[[14, 32]]		\N	\N	\N	\N	\N	\N	\N	\N	\N	I'm not patient enough	2018-09-06 13:16:58.547733+00	2018-09-06 13:16:58.547749+00	2	12
94	but after I tried to live with some people in one house I found that it's not uncomfortable for me	2018-09-06 13:12:37.422304+00	f	C	2018-09-06 13:13:03.863262+00	[0.7, 0.3]	t	0.8	0.1	0.4	\N		\N	\N	\N	\N	\N	\N	\N	\N	\N	That's great. You must be very easy to live with also.	2018-09-06 13:16:58.559832+00	2018-09-06 13:16:58.559849+00	2	12
95	yeah I hope so	2018-09-06 13:13:50.948429+00	f	C	2018-09-06 13:14:01.414228+00	[0.5, -0.4]	t	0.8	0.1	0.0	\N		\N	\N	\N	\N	\N	\N	\N	\N	\N	\N	2018-09-06 13:16:58.577988+00	2018-09-06 13:16:58.578005+00	2	12
96	have you ever lived with some people	2018-09-06 13:14:33.152675+00	f	C	2018-09-06 13:14:56.216066+00	[0.6, -0.1]	t	0.8	0.1	0.0	\N		\N	\N	\N	\N	\N	\N	\N	\N	\N	Yes, I lived with my friends when I was at university.	2018-09-06 13:16:58.587787+00	2018-09-06 13:16:58.587803+00	2	12
97	did you share your room with your friend	2018-09-06 13:16:02.864613+00	f	C	2018-09-06 13:16:34.983843+00	[0.4, -0.2]	f	0.4	0.3	0.0	\N		\N	\N	\N	\N	\N	\N	\N	\N	\N	No. I have never lived in the same room as my friends.	2018-09-06 13:16:58.59971+00	2018-09-06 13:16:58.599726+00	2	12
98	have you ever changed your job in your life	2018-10-01 11:25:35.832363+00	f	C	2018-10-01 11:25:47.190689+00	[0.5, 0.3]	t	0.5	0.2	0.0	\N		\N	\N	\N	\N	\N	\N	\N	\N	\N	\N	2018-10-01 11:52:02.388286+00	2018-10-01 11:52:02.388304+00	2	18
99	I quited my job before I went to Ireland	2018-10-01 11:27:08.433238+00	f	I	2018-10-01 11:27:20.933748+00	[0, 0]	\N	0.0	0.0	0.0	[[2, 8]]	quit	2018-10-01 11:27:46.533962+00	t	2018-10-01 11:27:28.683697+00	\N	\N	t	2018-10-01 11:28:06.966609+00	t	2018-10-01 11:28:13.494103+00	\N	2018-10-01 11:52:02.404843+00	2018-10-01 11:52:02.404858+00	2	18
100	and I just went back to Japan 10 days ago	2018-10-01 11:28:39.88487+00	f	C	2018-10-01 11:28:56.829883+00	[0.5, 0.2]	\N	0.0	0.0	0.4	\N		\N	\N	\N	\N	\N	\N	\N	\N	\N	Oh that must be such a huge change for you	2018-10-01 11:52:02.421523+00	2018-10-01 11:52:02.42154+00	2	18
101	yes and I think it's time to find something new	2018-10-01 11:29:44.556706+00	f	C	2018-10-01 11:30:11.357929+00	[0.6, 0.4]	t	0.5	0.4	0.0	\N		\N	\N	\N	\N	\N	\N	\N	\N	\N	That's a great idea	2018-10-01 11:52:02.433943+00	2018-10-01 11:52:02.433959+00	2	18
102	thank you I'm interested in programming so I will go to a school to learn programming	2018-10-01 11:31:53.217518+00	f	C	2018-10-01 11:32:15.045933+00	[0.8, -0.1]	\N	0.0	0.0	0.0	\N		\N	\N	\N	\N	\N	\N	\N	\N	\N	I'm very happy to hear that	2018-10-01 11:52:02.446175+00	2018-10-01 11:52:02.446192+00	2	18
103	actually I already tried to enter a school	2018-10-01 11:33:05.500411+00	f	C	2018-10-01 11:33:15.630263+00	[0.5, -0.2]	t	0.8	0.0	0.0	\N		\N	\N	\N	\N	\N	\N	\N	\N	\N	\N	2018-10-01 11:52:02.466741+00	2018-10-01 11:52:02.466758+00	2	18
104	but they said that they can't allow me to enter there because of my age and career	2018-10-01 11:35:39.311518+00	f	C	2018-10-01 11:35:54.238993+00	[-0.3, -0.6]	\N	0.0	0.0	0.0	\N		\N	\N	\N	\N	\N	\N	\N	\N	\N	I'm so sorry to hear that	2018-10-01 11:52:02.478107+00	2018-10-01 11:52:02.478124+00	2	18
105	I was shocked to hear that because it will not be happened in many countries	2018-10-01 11:37:03.85176+00	f	I	2018-10-01 11:37:09.390481+00	[0, 0]	\N	0.0	0.0	0.0	[[47, 58]]	happen	2018-10-01 11:37:34.222874+00	\N	\N	t	2018-10-01 11:37:35.858492+00	\N	\N	\N	\N	\N	2018-10-01 11:52:02.50031+00	2018-10-01 11:52:02.500326+00	2	18
106	I was shocked to hear that because it will not be happen in many countries	2018-10-01 11:37:48.343922+00	f	I	2018-10-01 11:37:53.159006+00	[0, 0]	\N	0.0	0.0	0.0	[[47, 49]]	[delete]	2018-10-01 11:38:05.702871+00	\N	\N	t	2018-10-01 11:38:13.603469+00	\N	\N	\N	\N	\N	2018-10-01 11:52:02.51226+00	2018-10-01 11:52:02.512275+00	2	18
107	I was shocked to hear the result because it will not be happen in many countries	2018-10-01 11:38:37.959086+00	f	I	2018-10-01 11:38:44.95869+00	[0, 0]	\N	0.0	0.0	0.0	[[53, 55]]	[delete]	2018-10-01 11:38:56.7836+00	t	2018-10-01 11:39:00.969916+00	\N	\N	t	2018-10-01 11:39:18.25856+00	t	2018-10-01 11:39:38.507586+00	\N	2018-10-01 11:52:02.520003+00	2018-10-01 11:52:02.520019+00	2	18
108	they offered me to enter the school without any support to get a new job	2018-10-01 11:41:15.376474+00	f	B	2018-10-01 11:42:09.903636+00	[-0.1, -0.4]	\N	0.0	0.0	0.0	[[13, 18]]		\N	\N	\N	\N	\N	\N	\N	\N	\N	me an opportunity to	2018-10-01 11:52:02.527787+00	2018-10-01 11:52:02.527803+00	2	18
109	that means there are a few possibility that I can be a programmer	2018-10-01 11:44:38.352418+00	f	I	2018-10-01 11:44:42.687849+00	[0, 0]	\N	0.0	0.0	0.0	[[17, 38]]	is less chance	2018-10-01 11:45:33.120113+00	t	2018-10-01 11:45:00.813275+00	\N	\N	t	2018-10-01 11:45:45.141725+00	t	2018-10-01 11:46:14.141566+00	\N	2018-10-01 11:52:02.543768+00	2018-10-01 11:52:02.543783+00	2	18
110	now I decided to try some schools	2018-10-01 11:47:52.348569+00	f	C	2018-10-01 11:48:12.400726+00	[0.5, 0.1]	t	0.2	0.5	0.0	\N		\N	\N	\N	\N	\N	\N	\N	\N	\N	That is a good idea!	2018-10-01 11:52:02.563955+00	2018-10-01 11:52:02.563972+00	2	18
111	thank you I hope I can go to one of them	2018-10-01 11:49:10.834272+00	f	C	2018-10-01 11:49:38.648189+00	[0.6, -0.3]	t	0.8	0.1	0.0	\N		\N	\N	\N	\N	\N	\N	\N	\N	\N	I'm sure you can. Just keep trying and you can do anything you wish.	2018-10-01 11:52:02.584336+00	2018-10-01 11:52:02.584352+00	2	18
112	thank you have you ever tried to learn something new these days	2018-10-01 11:51:06.112979+00	f	C	2018-10-01 11:51:35.272299+00	[0.5, -0.3]	t	0.5	0.2	0.2	\N		\N	\N	\N	\N	\N	\N	\N	\N	\N	Yes. Recently I started to learn Irish and it is a lot of fun.	2018-10-01 11:52:02.598483+00	2018-10-01 11:52:02.5985+00	2	18
113	today I am testing a system	2018-10-02 13:20:38.824175+00	f	C	2018-10-02 13:20:51.660762+00	[0.5, 0.3]	t	0.5	0.2	0.0	\N		\N	\N	\N	\N	\N	\N	\N	\N	\N	\N	2018-10-02 13:49:26.965984+00	2018-10-02 13:49:26.966001+00	1	13
114	ghr	2018-10-02 13:49:04.400031+00	f	C	2018-10-02 13:49:14.755726+00	[0, 0]	\N	0.0	0.0	0.0	\N		\N	\N	\N	\N	\N	\N	\N	\N	\N	\N	2018-10-02 13:49:26.97802+00	2018-10-02 13:49:26.978037+00	1	13
115	do you often feel stress	2018-10-02 13:21:59.458187+00	f	C	2018-10-02 13:22:11.797571+00	[-0.2, -0.4]	t	0.2	0.5	0.0	\N		\N	\N	\N	\N	\N	\N	\N	\N	\N	\N	2018-10-02 13:49:38.454716+00	2018-10-02 13:49:38.454734+00	2	20
116	I don't usually feel stress much  but sometimes I feel	2018-10-02 13:24:05.645023+00	f	M	2018-10-02 13:24:24.7089+00	[0, 0]	\N	0.0	0.0	0.0	[[34, 54]]		\N	\N	\N	\N	\N	\N	\N	\N	\N	\N	2018-10-02 13:49:38.477137+00	2018-10-02 13:49:38.477154+00	2	20
117	I mean I sometimes feel stress	2018-10-02 13:24:59.448894+00	f	C	2018-10-02 13:25:18.211819+00	[0, 0]	t	0.4	0.3	0.0	\N		\N	\N	\N	\N	\N	\N	\N	\N	\N	Ah I understand.	2018-10-02 13:49:38.491579+00	2018-10-02 13:49:38.491596+00	2	20
118	I usually try not to think about it too much when I feel stressed	2018-10-02 13:27:47.542008+00	f	C	2018-10-02 13:28:14.788889+00	[-0.2, -0.3]	t	0.4	0.3	0.0	\N		\N	\N	\N	\N	\N	\N	\N	\N	\N	Does that make you feel better?	2018-10-02 13:49:38.501872+00	2018-10-02 13:49:38.501888+00	2	20
119	yes I think so	2018-10-02 13:29:02.180936+00	f	C	2018-10-02 13:29:26.078+00	[0.3, -0.1]	t	0.1	0.2	0.0	\N		\N	\N	\N	\N	\N	\N	\N	\N	\N	I'm glad to hear that. Please tell me more.	2018-10-02 13:49:38.516276+00	2018-10-02 13:49:38.516292+00	2	20
120	for example when I feel stressed  I sometimes wash dishes	2018-10-02 13:30:30.945441+00	f	C	2018-10-02 13:31:02.66137+00	[0.7, 0.3]	\N	0.0	0.0	0.3	\N		\N	\N	\N	\N	\N	\N	\N	\N	\N	That's really interesting	2018-10-02 13:49:38.526284+00	2018-10-02 13:49:38.5263+00	2	20
121	and also I sometimes wash my clothes by hand without thinking anything	2018-10-02 13:32:13.530352+00	f	I	2018-10-02 13:32:21.15798+00	[0, 0]	\N	0.0	0.0	0.0	[[61, 62]]	about	2018-10-02 13:32:36.8138+00	\N	\N	t	2018-10-02 13:32:42.545108+00	\N	\N	\N	\N	\N	2018-10-02 13:49:38.546634+00	2018-10-02 13:49:38.546649+00	2	20
122	and also I sometimes wash my clothes by hands without thinking anything	2018-10-02 13:32:50.087759+00	f	I	2018-10-02 13:32:56.420381+00	[0, 0]	\N	0.0	0.0	0.0	[[40, 45], [62, 63]]	hand # about	2018-10-02 13:33:09.893977+00	t	2018-10-02 13:33:26.552687+00	\N	\N	t	2018-10-02 13:33:51.126556+00	t	2018-10-02 13:33:58.271588+00	\N	2018-10-02 13:49:38.562873+00	2018-10-02 13:49:38.562888+00	2	20
123	the point is not to think about anything during you wash clothes or dishes	2018-10-02 13:36:24.844014+00	f	I	2018-10-02 13:36:32.259079+00	[0, 0]	\N	0.0	0.0	0.0	[[41, 47]]	while	2018-10-02 13:36:43.319157+00	t	2018-10-02 13:36:47.751575+00	t	2018-10-02 13:37:04.991787+00	\N	\N	\N	\N	\N	2018-10-02 13:49:38.570576+00	2018-10-02 13:49:38.570591+00	2	20
124	the point is not to think about anything while you wash clothes or dishes	2018-10-02 13:37:14.783762+00	f	C	2018-10-02 13:37:51.007298+00	[0.3, -0.1]	\N	0.0	0.0	0.0	\N		\N	\N	\N	\N	\N	\N	\N	\N	\N	Do you find that it effectively reduces stress?	2018-10-02 13:49:38.595145+00	2018-10-02 13:49:38.595162+00	2	20
125	yes I do. I think it makes me refresh	2018-10-02 13:39:59.461523+00	f	I	2018-10-02 13:40:07.634901+00	[0, 0]	\N	0.0	0.0	0.0	[[30, 37]]	feel refreshed	2018-10-02 13:40:21.704643+00	t	2018-10-02 13:40:19.722012+00	\N	\N	t	2018-10-02 13:40:40.141074+00	t	2018-10-02 13:40:51.912517+00	\N	2018-10-02 13:49:38.602927+00	2018-10-02 13:49:38.602942+00	2	20
126	and also I can find some solutions after that	2018-10-02 13:41:44.86572+00	f	C	2018-10-02 13:42:20.457378+00	[0.5, -0.2]	t	0.8	0.1	0.0	\N		\N	\N	\N	\N	\N	\N	\N	\N	\N	It's amazing that such a simple task can help you find solutions to stress. It's fantastic!	2018-10-02 13:49:38.633599+00	2018-10-02 13:49:38.633616+00	2	20
127	do you have something method to release your stress	2018-10-02 13:44:31.507649+00	f	I	2018-10-02 13:44:37.615211+00	[0, 0]	\N	0.0	0.0	0.0	[[12, 21]]	a	2018-10-02 13:44:47.903866+00	\N	\N	t	2018-10-02 13:44:53.856245+00	\N	\N	\N	\N	\N	2018-10-02 13:49:38.64956+00	2018-10-02 13:49:38.649575+00	2	20
128	do you have something methods to release your stress	2018-10-02 13:45:02.362275+00	f	I	2018-10-02 13:45:07.104225+00	[0, 0]	\N	0.0	0.0	0.0	[[12, 29]]	a method	2018-10-02 13:45:21.248265+00	t	2018-10-02 13:45:23.234764+00	t	2018-10-02 13:45:43.867477+00	\N	\N	\N	\N	\N	2018-10-02 13:49:38.667699+00	2018-10-02 13:49:38.667714+00	2	20
129	do you have any methods to release your stress	2018-10-02 13:45:56.940577+00	f	C	2018-10-02 13:46:33.408281+00	[0.5, -0.3]	t	0.8	0.1	0.0	\N		\N	\N	\N	\N	\N	\N	\N	\N	\N	Yes. I find that exercise is the best way to get rid of stress.	2018-10-02 13:49:38.67535+00	2018-10-02 13:49:38.675366+00	2	20
130	that's good idea	2018-10-02 13:47:08.585234+00	f	I	2018-10-02 13:47:13.040942+00	[0, 0]	\N	0.0	0.0	0.0	[[6, 7]]	a	2018-10-02 13:47:19.967037+00	t	2018-10-02 13:47:40.065731+00	t	2018-10-02 13:47:57.560344+00	\N	\N	\N	\N	\N	2018-10-02 13:49:38.683047+00	2018-10-02 13:49:38.683063+00	2	20
131	that's a good idea	2018-10-02 13:48:05.655513+00	f	C	2018-10-02 13:48:25.57617+00	[0.5, 0.2]	t	0.5	0.4	0.0	\N		\N	\N	\N	\N	\N	\N	\N	\N	\N	Thank you. It works really well for me and other people I know.	2018-10-02 13:49:38.692898+00	2018-10-02 13:49:38.692914+00	2	20
132	I think I will try it next time	2018-10-02 13:49:06.222672+00	f	C	2018-10-02 13:49:22.687569+00	[0.6, 0.2]	t	0.8	0.2	0.2	\N		\N	\N	\N	\N	\N	\N	\N	\N	\N	\N	2018-10-02 13:49:38.700616+00	2018-10-02 13:49:38.700633+00	2	20
133	I will go to the shop this evening	2018-10-02 13:20:41.470681+00	f	I	2018-10-02 13:20:56.125899+00	[0, 0]	\N	0.0	0.0	0.0	[[13, 16]]	a	2018-10-02 13:21:16.405857+00	t	2018-10-02 13:21:09.056606+00	t	2018-10-02 13:21:29.501926+00	\N	\N	\N	\N	\N	2018-10-02 13:49:59.591353+00	2018-10-02 13:49:59.591369+00	3	19
134	I will go to a shop this evening	2018-10-02 13:21:41.033566+00	f	C	2018-10-02 13:21:48.765665+00	[0.6, -0.4]	t	0.9	0.1	0.0	\N		\N	\N	\N	\N	\N	\N	\N	\N	\N	\N	2018-10-02 13:49:59.602904+00	2018-10-02 13:49:59.602921+00	3	19
135	fyui	2018-10-02 13:49:36.983614+00	f	C	2018-10-02 13:49:39.984082+00	[0, 0]	\N	0.0	0.0	0.0	\N		\N	\N	\N	\N	\N	\N	\N	\N	\N	\N	2018-10-02 13:49:59.610816+00	2018-10-02 13:49:59.610832+00	3	19
136	I'm looking for a room to live in Osaka because I will go to a school there	2018-10-04 13:55:13.439597+00	f	I	2018-10-04 13:55:20.300413+00	[0, 0]	\N	0.0	0.0	0.0	[[30, 31]]	in,	2018-10-04 13:55:37.216441+00	t	2018-10-04 13:55:41.473931+00	\N	\N	t	2018-10-04 13:56:02.258431+00	t	2018-10-04 13:56:48.813494+00	\N	2018-10-04 14:25:16.542926+00	2018-10-04 14:25:16.542942+00	2	22
137	at the beginning I was looking for an apartment that has some furniture and electric appliances	2018-10-04 13:59:56.071849+00	f	C	2018-10-04 14:00:12.184058+00	[0.4, -0.3]	t	0.4	0.4	0.0	\N		\N	\N	\N	\N	\N	\N	\N	\N	\N	Oh that is a good idea.	2018-10-04 14:25:16.591205+00	2018-10-04 14:25:16.591222+00	2	22
138	but I found that this kind of rooms are quite expensive	2018-10-04 14:01:50.298199+00	f	I	2018-10-04 14:01:55.240195+00	[0, 0]	\N	0.0	0.0	0.0	[[17, 26]]	these kinds	2018-10-04 14:02:10.29569+00	t	2018-10-04 14:02:12.851982+00	\N	\N	t	2018-10-04 14:02:29.470417+00	t	2018-10-04 14:02:36.751546+00	\N	2018-10-04 14:25:16.616437+00	2018-10-04 14:25:16.616452+00	2	22
139	so now living in a shared house is one of my options	2018-10-04 14:09:00.426273+00	f	C	2018-10-04 14:09:23.116945+00	[0.4, 0.2]	\N	0.0	0.0	0.2	\N		\N	\N	\N	\N	\N	\N	\N	\N	\N	It can be good to live with other people, and interesting too.	2018-10-04 14:25:16.639387+00	2018-10-04 14:25:16.639403+00	2	22
140	if I live in a shared house I can save my money	2018-10-04 14:10:42.252819+00	f	C	2018-10-04 14:11:06.240876+00	[0.4, 0.2]	t	0.1	0.1	0.0	\N		\N	\N	\N	\N	\N	\N	\N	\N	\N	save money	2018-10-04 14:25:16.706547+00	2018-10-04 14:25:16.706564+00	2	22
141	but it's not common to live in a shared house in Japan	2018-10-04 14:15:41.308511+00	f	C	2018-10-04 14:16:06.217253+00	[0.1, 0]	t	0.4	0.4	0.0	\N		\N	\N	\N	\N	\N	\N	\N	\N	\N	I see. It is very common here in Ireland.	2018-10-04 14:25:16.722952+00	2018-10-04 14:25:16.722969+00	2	22
142	I think it's because our personality	2018-10-04 14:17:03.994287+00	f	I	2018-10-04 14:17:16.062225+00	[0, 0]	\N	0.0	0.0	0.0	[[20, 21]]	of	2018-10-04 14:17:27.353737+00	t	2018-10-04 14:17:23.959743+00	t	2018-10-04 14:17:41.566219+00	\N	\N	\N	\N	\N	2018-10-04 14:25:16.781145+00	2018-10-04 14:25:16.781161+00	2	22
143	I think it's because of our personality	2018-10-04 14:17:50.818539+00	f	C	2018-10-04 14:18:19.24324+00	[0.4, -0.3]	\N	0.0	0.0	0.0	\N		\N	\N	\N	\N	\N	\N	\N	\N	\N	Are the personalities of Japanese very different from Irish people?	2018-10-04 14:25:16.795406+00	2018-10-04 14:25:16.795423+00	2	22
144	yes I think so. many of Japanese prefer to secure their personal spaces	2018-10-04 14:19:21.550095+00	f	I	2018-10-04 14:19:27.028643+00	[0, 0]	\N	0.0	0.0	0.0	[[21, 23]]	[del]	2018-10-04 14:19:47.898938+00	t	2018-10-04 14:19:44.620149+00	t	2018-10-04 14:20:02.279939+00	\N	\N	\N	\N	\N	2018-10-04 14:25:16.803153+00	2018-10-04 14:25:16.803169+00	2	22
148	1 2 3 4	2018-10-18 10:35:06.61375+00	f	C	2018-10-18 10:35:21.173916+00	[-0.2, -0.5]	\N	0.0	0.0	0.0	\N		\N	\N	\N	\N	\N	\N	\N	\N	\N	oh i see	2018-10-18 10:36:29.527183+00	2018-10-18 10:36:29.527201+00	1	29
149	today I have a part-time job in my school and then we have a meeting.	2018-10-18 11:12:13.101776+00	f	C	2018-10-18 11:12:31.795013+00	[0.6, 0.3]	\N	0.0	0.0	0.0	\N		\N	\N	\N	\N	\N	\N	\N	\N	\N	Oh it sounds like you are very busy.	2018-10-18 11:43:35.991073+00	2018-10-18 11:43:35.991091+00	11	30
150	about the activity which we had done last Tuesday.\n	2018-10-18 11:14:07.252908+00	f	C	2018-10-18 11:14:35.906301+00	[0.4, -0.3]	t	0.5	0.2	0.0	\N		\N	\N	\N	\N	\N	\N	\N	\N	\N	It is about	2018-10-18 11:43:36.002611+00	2018-10-18 11:43:36.002628+00	11	30
151	it was about  the meeting which we welcomed the new students\n\n	2018-10-18 11:16:51.109441+00	f	I	2018-10-18 11:17:01.010542+00	[0, 0]	\N	0.0	0.0	0.0	[[26, 31], [44, 47]]	where # [delete]	2018-10-18 11:17:31.915082+00	\N	\N	t	2018-10-18 11:17:32.150393+00	\N	\N	\N	\N	\N	2018-10-18 11:43:36.016515+00	2018-10-18 11:43:36.01653+00	11	30
152	the activity was about welcoming the new students who have some disease just like autism.	2018-10-18 11:18:37.953107+00	f	I	2018-10-18 11:18:50.493843+00	[0, 0]	\N	0.0	0.0	0.0	[[33, 36], [59, 76]]	[delete] # disabilities	2018-10-18 11:19:44.435918+00	t	2018-10-18 11:19:03.339676+00	\N	\N	t	2018-10-18 11:20:11.841401+00	t	2018-10-18 11:20:26.841472+00	\N	2018-10-18 11:43:36.032361+00	2018-10-18 11:43:36.032376+00	11	30
153	So today we have the feedback about that activity.\n\n	2018-10-18 11:21:25.577109+00	f	C	2018-10-18 11:21:49.755374+00	[0.4, 0.1]	\N	0.0	0.0	0.1	\N		\N	\N	\N	\N	\N	\N	\N	\N	\N	I hope you received some useful feedback	2018-10-18 11:43:36.057616+00	2018-10-18 11:43:36.057632+00	11	30
154	yeah and I also had been praised from my colleagues\n	2018-10-18 11:23:58.528647+00	f	B	2018-10-18 11:24:27.251718+00	[0.6, 0.4]	t	0.8	0.1	0.2	[[16, 32]]		\N	\N	\N	\N	\N	\N	\N	\N	\N	received praise	2018-10-18 11:43:36.076887+00	2018-10-18 11:43:36.076904+00	11	30
155	thanks I see and that's why I'm happy today	2018-10-18 11:25:08.973755+00	f	C	2018-10-18 11:25:30.179811+00	[0.6, 0.4]	\N	0.0	0.0	0.0	\N		\N	\N	\N	\N	\N	\N	\N	\N	\N	It sounds like you did a fantastic job, well done!	2018-10-18 11:43:36.086637+00	2018-10-18 11:43:36.086654+00	11	30
156	yeah moreover  I learned a lot from this activity because we have some feedback for example when we take pictures for others we need to say one two three cheese and we can have more passionate to make the activity more active.	2018-10-18 11:28:34.962486+00	f	3	2018-10-18 11:28:48.523864+00	[0, 0]	\N	0.0	0.0	0.0	\N		\N	\N	\N	\N	\N	\N	\N	\N	\N	\N	2018-10-18 11:43:36.096323+00	2018-10-18 11:43:36.096339+00	11	30
157	yeah moreover, I learned a lot from the activity because we have some feedback. After the activity, I think it is great to review and find out what we can improve.	2018-10-18 11:32:26.007686+00	f	C	2018-10-18 11:33:15.42649+00	[0.4, 0.2]	t	0.5	0.2	0.0	\N		\N	\N	\N	\N	\N	\N	\N	\N	\N	Could you input one sentence at a time please.	2018-10-18 11:43:36.10595+00	2018-10-18 11:43:36.105968+00	11	30
158	yeah I learned a lot from the activity because we have some feedback	2018-10-18 11:34:33.099306+00	f	C	2018-10-18 11:34:45.796861+00	[0.6, 0.4]	t	0.5	0.3	0.0	\N		\N	\N	\N	\N	\N	\N	\N	\N	\N	\N	2018-10-18 11:43:36.115484+00	2018-10-18 11:43:36.115501+00	11	30
159	I think it is great to find out what we can improve by the feedback.	2018-10-18 11:39:52.690632+00	f	B	2018-10-18 11:40:16.877555+00	[0.3, -0.2]	t	0.5	0.3	0.0	[[52, 54]]		\N	\N	\N	\N	\N	\N	\N	\N	\N	from	2018-10-18 11:43:36.124962+00	2018-10-18 11:43:36.124979+00	11	30
160	it is good  to share my feelings  ,thanks	2018-10-18 11:42:31.223737+00	f	C	2018-10-18 11:42:42.208021+00	[0.6, 0.4]	t	0.5	0.2	0.0	\N		\N	\N	\N	\N	\N	\N	\N	\N	\N	\N	2018-10-18 11:43:36.134443+00	2018-10-18 11:43:36.13446+00	11	30
161	hello	2018-10-19 10:42:43.31331+00	f	C	2018-10-19 10:42:58.351064+00	[0.5, 0.4]	\N	0.0	0.0	0.0	\N		\N	\N	\N	\N	\N	\N	\N	\N	\N	Hi Kevin, well done on using the microphone	2018-10-19 11:03:32.828038+00	2018-10-19 11:03:32.828055+00	13	31
162	thank you	2018-10-19 10:43:20.256228+00	f	C	2018-10-19 10:43:30.514452+00	[0.3, -0.3]	\N	0.0	0.0	0.0	\N		\N	\N	\N	\N	\N	\N	\N	\N	\N	No problem	2018-10-19 11:03:32.846279+00	2018-10-19 11:03:32.846296+00	13	31
163	now How we need to do	2018-10-19 10:44:20.301255+00	f	I	2018-10-19 10:44:26.077724+00	[0, 0]	\N	0.0	0.0	0.0	[[4, 10]]	what do I	2018-10-19 10:44:38.533389+00	\N	\N	t	2018-10-19 10:44:44.090742+00	\N	\N	\N	\N	\N	2018-10-19 11:03:32.856219+00	2018-10-19 11:03:32.856234+00	13	31
164	now How we need to do	2018-10-19 10:45:06+00	f	I	2018-10-19 10:45:19+00	[0, 0]	\N	0.0	0.0	0.0	[[4, 10]]	what do I	2018-10-19 10:45:29+00	\N	\N	t	2018-10-19 10:45:59+00	\N	\N	\N	\N	\N	2018-10-19 11:03:32.870238+00	2018-10-19 11:03:32.870254+00	13	31
165	hello	2018-10-19 10:54:31.389863+00	f	C	2018-10-19 10:54:42.777678+00	[0.5, 0.4]	\N	0.0	0.0	0.0	\N		\N	\N	\N	\N	\N	\N	\N	\N	\N	great, it is working again	2018-10-19 11:03:32.90169+00	2018-10-19 11:03:32.901706+00	13	31
166	sentence for your patient	2018-10-19 10:56:13.176485+00	f	I	2018-10-19 10:56:19.054971+00	[0, 0]	\N	0.0	0.0	0.0	[[0, 8], [18, 25]]	thanks # patience	2018-10-19 10:56:46.09598+00	t	2018-10-19 10:57:09.496166+00	\N	\N	\N	\N	t	2018-10-19 10:57:28.708261+00	\N	2018-10-19 11:03:32.913955+00	2018-10-19 11:03:32.91397+00	13	31
167	yesterday I made my wish list  for next 5 years	2018-10-22 13:36:20.310001+00	f	I	2018-10-22 13:36:24.201127+00	[0, 0]	\N	0.0	0.0	0.0	[[34, 35]]	the	2018-10-22 13:36:33.009637+00	t	2018-10-22 13:36:55.05969+00	t	2018-10-22 13:37:15.432878+00	\N	\N	\N	\N	\N	2018-10-22 14:11:24.317428+00	2018-10-22 14:11:24.317444+00	2	32
168	yesterday I made my wish list  for the next 5 years	2018-10-22 13:37:25.292694+00	f	C	2018-10-22 13:37:36.977231+00	[0.4, 0.2]	\N	0.0	0.0	0.2	\N		\N	\N	\N	\N	\N	\N	\N	\N	\N	Oh that's a great idea	2018-10-22 14:11:24.332907+00	2018-10-22 14:11:24.332924+00	2	32
169	because I think it will help when I think about my future	2018-10-22 13:38:20.366058+00	f	C	2018-10-22 13:38:32.230257+00	[0.5, -0.4]	t	0.7	0.1	0.0	\N		\N	\N	\N	\N	\N	\N	\N	\N	\N	\N	2018-10-22 14:11:24.342775+00	2018-10-22 14:11:24.342791+00	2	32
170	one of the list is going to Russia	2018-10-22 13:40:04.172454+00	f	I	2018-10-22 13:40:07.265325+00	[0, 0]	\N	0.0	0.0	0.0	[[10, 11]]	items on the	2018-10-22 13:40:19.585491+00	\N	\N	t	2018-10-22 13:40:31.068921+00	\N	\N	\N	\N	\N	2018-10-22 14:11:24.354701+00	2018-10-22 14:11:24.354717+00	2	32
171	one of the lists are going to Russia	2018-10-22 13:41:04.328417+00	f	I	2018-10-22 13:41:06.972684+00	[0, 0]	\N	0.0	0.0	0.0	[[10, 21]]	items on the list is	2018-10-22 13:41:23.601481+00	t	2018-10-22 13:41:24.608773+00	\N	\N	t	2018-10-22 13:41:43.577716+00	t	2018-10-22 13:41:56.10163+00	\N	2018-10-22 14:11:24.377387+00	2018-10-22 14:11:24.377403+00	2	32
172	actually I studied Russian language when I was University student because I was interested in Russian culture	2018-10-22 13:42:56.069891+00	f	I	2018-10-22 13:42:59.91376+00	[0, 0]	\N	0.0	0.0	0.0	[[45, 48]]	a	2018-10-22 13:44:36.041483+00	\N	\N	t	2018-10-22 13:43:36.234949+00	\N	\N	\N	\N	\N	2018-10-22 14:11:24.393376+00	2018-10-22 14:11:24.393392+00	2	32
173	actually I studied Russian when I was University student because I was interested in Russian culture	2018-10-22 13:43:55.873616+00	f	I	2018-10-22 13:44:03.54353+00	[0, 0]	\N	0.0	0.0	0.0	[[37, 38]]	a	2018-10-22 13:44:22.488303+00	\N	\N	t	2018-10-22 13:44:19.904706+00	\N	\N	\N	\N	\N	2018-10-22 14:11:24.411363+00	2018-10-22 14:11:24.411378+00	2	32
174	actually I studied Russian when I was a University student because I was interested in Russian culture	2018-10-22 13:44:30.476036+00	f	C	2018-10-22 13:44:49.401299+00	[0.5, 0.4]	\N	0.0	0.0	0.3	\N		\N	\N	\N	\N	\N	\N	\N	\N	\N	Oh that is very interesting	2018-10-22 14:11:24.420714+00	2018-10-22 14:11:24.420731+00	2	32
175	but now I forgot almost all Russian that I studied	2018-10-22 13:46:30.878782+00	f	C	2018-10-22 13:46:50.119817+00	[-0.2, -0.6]	t	0.3	0.3	0.0	\N		\N	\N	\N	\N	\N	\N	\N	\N	\N	It is such a pity that you have forgotten so much	2018-10-22 14:11:24.430131+00	2018-10-22 14:11:24.430147+00	2	32
176	so I think I will need to study Russian again before going to Russia	2018-10-22 13:47:55.905436+00	f	C	2018-10-22 13:48:06.619557+00	[0.5, -0.4]	t	0.8	0.1	0.0	\N		\N	\N	\N	\N	\N	\N	\N	\N	\N	\N	2018-10-22 14:11:24.455998+00	2018-10-22 14:11:24.456014+00	2	32
177	I want to  take a Siberian train	2018-10-22 13:48:46.911141+00	f	C	2018-10-22 13:48:54.823834+00	[0.6, 0.3]	\N	0.0	0.0	0.5	\N		\N	\N	\N	\N	\N	\N	\N	\N	\N	\N	2018-10-22 14:11:24.469534+00	2018-10-22 14:11:24.469551+00	2	32
178	have you ever been to Russia	2018-10-22 13:49:29.654283+00	f	C	2018-10-22 13:49:38.652604+00	[-0.1, -0.4]	f	0.4	0.4	0.0	\N		\N	\N	\N	\N	\N	\N	\N	\N	\N	\N	2018-10-22 14:11:24.483083+00	2018-10-22 14:11:24.483099+00	2	32
179	if you take a Siberian train what will you do there	2018-10-22 13:51:15.555204+00	f	C	2018-10-22 13:51:51.665896+00	[0.4, -0.4]	\N	0.0	0.0	0.0	\N		\N	\N	\N	\N	\N	\N	\N	\N	\N	I would love to just read and read as much as possible while looking out the window at the scenery. It would be amazing.	2018-10-22 14:11:24.496621+00	2018-10-22 14:11:24.496636+00	2	32
180	that's a good idea I will also read books in Siberian train	2018-10-22 13:53:22.961054+00	f	I	2018-10-22 13:53:30.344504+00	[0, 0]	\N	0.0	0.0	0.0	[[42, 45]]	on the	2018-10-22 13:53:46.23192+00	t	2018-10-22 13:53:48.196148+00	t	2018-10-22 13:54:04.915577+00	\N	\N	\N	\N	\N	2018-10-22 14:11:24.514239+00	2018-10-22 14:11:24.514255+00	2	32
181	that's a good idea I will also read books on a Siberian train	2018-10-22 13:54:16.29939+00	f	B	2018-10-22 13:54:37.713176+00	[0.4, 0.2]	\N	0.0	0.0	0.0	[[44, 46]]		\N	\N	\N	\N	\N	\N	\N	\N	\N	the	2018-10-22 14:11:24.533995+00	2018-10-22 14:11:24.534011+00	2	32
182	I have a series of my favorites books	2018-10-22 13:55:58.404686+00	f	C	2018-10-22 13:56:18.657878+00	[0.3, -0.4]	\N	0.0	0.0	0.0	\N		\N	\N	\N	\N	\N	\N	\N	\N	\N	It would be great to read them all!	2018-10-22 14:11:24.543256+00	2018-10-22 14:11:24.543272+00	2	32
183	in the books a guy travels Japan to London without using airplane	2018-10-22 13:59:00.994215+00	f	I	2018-10-22 13:59:05.908889+00	[0, 0]	\N	0.0	0.0	0.0	[[26, 27], [56, 57]]	from # an	2018-10-22 13:59:22.71745+00	\N	\N	t	2018-10-22 13:59:38.339132+00	\N	\N	\N	\N	\N	2018-10-22 14:11:24.559016+00	2018-10-22 14:11:24.559031+00	2	32
184	in the books a guy travels from Japan to London without using airplane	2018-10-22 14:00:09.673359+00	f	I	2018-10-22 14:00:14.37003+00	[0, 0]	\N	0.0	0.0	0.0	[[61, 62]]	an	2018-10-22 14:00:23.332179+00	t	2018-10-22 14:00:32.336637+00	t	2018-10-22 14:00:54.840444+00	\N	\N	\N	\N	\N	2018-10-22 14:11:24.589202+00	2018-10-22 14:11:24.589218+00	2	32
185	in the books a guy travels from Japan to London without using an airplane	2018-10-22 14:01:07.450549+00	f	C	2018-10-22 14:01:25.2941+00	[0.6, 0.3]	\N	0.0	0.0	0.9	\N		\N	\N	\N	\N	\N	\N	\N	\N	\N	Wow, that is an incredible journey	2018-10-22 14:11:24.600663+00	2018-10-22 14:11:24.600679+00	2	32
186	the guy is 26 years old and when I was 26 years old I read the books	2018-10-22 14:02:43.28439+00	f	C	2018-10-22 14:03:08.404561+00	[0.3, -0.3]	\N	0.0	0.0	0.0	\N		\N	\N	\N	\N	\N	\N	\N	\N	\N	They seem to have had a big impact on you	2018-10-22 14:11:24.609942+00	2018-10-22 14:11:24.609959+00	2	32
206	my midterm exam start this week	2018-10-23 14:00:35.327973+00	f	I	2018-10-23 14:00:41.999302+00	[0, 0]	\N	0.0	0.0	0.0	[[11, 21]]	exams started	2018-10-23 14:00:55.094123+00	\N	\N	t	2018-10-23 14:00:56.117367+00	\N	\N	\N	\N	\N	2018-10-23 14:11:22.3718+00	2018-10-23 14:11:22.371816+00	18	42
207	my midterm exam will start in this week	2018-10-23 14:01:07.9646+00	f	I	2018-10-23 14:01:29.179824+00	[0, 0]	\N	0.0	0.0	0.0	[[27, 29]]	[delete]	2018-10-23 14:01:45.411227+00	t	2018-10-23 14:01:37.770987+00	\N	\N	t	2018-10-23 14:02:36.43579+00	t	2018-10-23 14:03:09.329552+00	\N	2018-10-23 14:11:22.386326+00	2018-10-23 14:11:22.386341+00	18	42
208	my midterm exam will start this week	2018-10-23 14:03:31.580374+00	f	C	2018-10-23 14:03:47.438439+00	[-0.5, -0.1]	\N	0.0	0.0	0.0	\N		\N	\N	\N	\N	\N	\N	\N	\N	\N	Oh, I hope you have studied a lot.	2018-10-23 14:11:22.398521+00	2018-10-23 14:11:22.398537+00	18	42
209	yes I have but I don't think I'm finished with my studying	2018-10-23 14:04:53.83149+00	f	C	2018-10-23 14:05:04.815663+00	[-0.2, -0.4]	t	0.4	0.3	0.0	\N		\N	\N	\N	\N	\N	\N	\N	\N	\N	\N	2018-10-23 14:11:22.410591+00	2018-10-23 14:11:22.410607+00	18	42
210	today I have an accounting question but I didn't understand what the teacher is talking about	2018-10-23 14:08:28+00	f	I	2018-10-23 14:09:37+00	[0, 0]	\N	0.0	0.0	0.0	[[8, 12], [77, 79]]	had # was	2018-10-23 14:09:53+00	t	2018-10-23 14:09:58+00	t	2018-10-23 14:10:15+00	\N	\N	\N	\N	\N	2018-10-23 14:11:22.422539+00	2018-10-23 14:21:09.336523+00	18	42
211	today I had  an accounting question but I didn't understand what the teacher was talking about	2018-10-23 14:10:32+00	f	C	2018-10-23 14:10:53+00	[-0.5, -0.1]	\N	0.0	0.0	0.0	\N		\N	\N	\N	\N	\N	\N	\N	\N	\N	Oh no. You must have felt terrible!	2018-10-23 14:11:22.43224+00	2018-10-23 14:21:18.565386+00	18	42
222	I feel happy because I had breakfast with my friends this morning.	2018-10-26 12:39:29.957909+00	f	C	2018-10-26 12:39:47.362352+00	[0.6, 0.4]	t	0.5	0.2	0.0	\N		\N	\N	\N	\N	\N	\N	\N	\N	\N	Oh that sounds like a lot of fun	2018-10-26 12:48:15.388034+00	2018-10-26 12:48:15.388051+00	20	45
223	yes I have lots of fun with them	2018-10-26 12:41:27.151903+00	f	C	2018-10-26 12:41:36.879504+00	[0.5, -0.4]	t	0.3	0.1	0.0	\N		\N	\N	\N	\N	\N	\N	\N	\N	\N	\N	2018-10-26 12:48:15.404815+00	2018-10-26 12:48:15.404831+00	20	45
226	hello\n	2018-10-30 10:33:27.998005+00	f	C	2018-10-30 10:33:46.942695+00	[0.7, 0.3]	\N	0.0	0.0	0.0	\N		\N	\N	\N	\N	\N	\N	\N	\N	\N	hello, it seems to be working now!	2018-10-30 10:52:23.572187+00	2018-10-30 10:52:23.572205+00	21	48
227	i so tried to in my class	2018-10-30 10:35:13.077014+00	f	I	2018-10-30 10:35:20.664409+00	[0, 0]	\N	0.0	0.0	0.0	[[2, 13]]	tried to do it	2018-10-30 10:35:41.998493+00	\N	\N	t	2018-10-30 10:35:32.572354+00	\N	\N	\N	\N	\N	2018-10-30 10:52:23.586179+00	2018-10-30 10:52:23.586194+00	21	48
228	i so tried 	2018-10-30 10:36:19.239687+00	f	I	2018-10-30 10:36:25.909472+00	[0, 0]	\N	0.0	0.0	0.0	[[2, 10]]	am so tired	2018-10-30 10:36:36.532558+00	\N	\N	t	2018-10-30 10:36:38.120317+00	\N	\N	\N	\N	\N	2018-10-30 10:52:23.598445+00	2018-10-30 10:52:23.598461+00	21	48
229	can you hear me	2018-10-30 10:36:51.173786+00	f	C	2018-10-30 10:37:10.853735+00	[0.5, 0.3]	\N	0.0	0.0	0.0	\N		\N	\N	\N	\N	\N	\N	\N	\N	\N	yes	2018-10-30 10:52:23.610312+00	2018-10-30 10:52:23.610328+00	21	48
230	my voice is okay	2018-10-30 10:37:47.213265+00	f	C	2018-10-30 10:38:00.488358+00	[0.5, 0.2]	t	0.4	0.3	0.0	\N		\N	\N	\N	\N	\N	\N	\N	\N	\N	yes that is much better thank you	2018-10-30 10:52:23.622163+00	2018-10-30 10:52:23.622179+00	21	48
225	maybe I will go to another restaurants with them next week	2018-10-26 12:46:16+00	f	I	2018-10-26 12:46:26+00	[0, 0]	\N	0.0	0.0	0.0	[[27, 38]]	restaurant	2018-10-26 12:46:38+00	t	2018-10-26 12:46:52+00	\N	\N	t	2018-10-26 12:47:13+00	t	2018-10-26 12:47:23+00	\N	2018-10-26 12:48:15.436209+00	2018-10-30 14:53:53.161843+00	20	45
312	suddenly I remembered that I have a class tonight	2018-11-13 14:02:05.037578+00	f	C	2018-11-13 14:02:20.441017+00	[-0.5, -0.1]	\N	0.0	0.0	0.1	\N		\N	\N	\N	\N	\N	\N	\N	\N	\N	Oh no, were you late?	2018-11-13 14:11:38.190268+00	2018-11-13 14:11:38.190285+00	18	65
231	I love to learn English by my English is very sad my mother study in english my mother's English program my sister and brother the same my mother english program	2018-10-30 10:39:30.814348+00	f	3	2018-10-30 10:39:41.470221+00	[0, 0]	\N	0.0	0.0	0.0	\N		\N	\N	\N	\N	\N	\N	\N	\N	\N	\N	2018-10-30 10:52:23.634124+00	2018-10-30 10:52:23.634141+00	21	48
232	i love to learn english but my english is not good	2018-10-30 10:40:42.769749+00	f	C	2018-10-30 10:41:07.726716+00	[-0.2, -0.5]	\N	0.0	0.0	0.0	\N		\N	\N	\N	\N	\N	\N	\N	\N	\N	I'm sorry to hear that you think like that	2018-10-30 10:52:23.646119+00	2018-10-30 10:52:23.646135+00	21	48
233	I love to learn English but my English is not good	2018-10-30 10:41:37.444927+00	f	C	2018-10-30 10:42:05.726623+00	[0.5, 0.3]	f	0.7	0.1	0.0	\N		\N	\N	\N	\N	\N	\N	\N	\N	\N	It seems to be quite good!	2018-10-30 10:52:23.655484+00	2018-10-30 10:52:23.655501+00	21	48
234	I tried to learn English but I don't know how I'm about to learn English	2018-10-30 10:42:48.443291+00	f	I	2018-10-30 10:42:56.278396+00	[0, 0]	\N	0.0	0.0	0.0	[[50, 55]]	supposed	2018-10-30 10:43:11.999051+00	\N	\N	t	2018-10-30 10:43:13.292196+00	\N	\N	\N	\N	\N	2018-10-30 10:52:23.667016+00	2018-10-30 10:52:23.667032+00	21	48
235	I tried to learn English but I don't know how improve to my English	2018-10-30 10:43:29.065252+00	f	I	2018-10-30 10:43:35.691503+00	[0, 0]	\N	0.0	0.0	0.0	[[42, 59]]	how to improve my	2018-10-30 10:44:09.935385+00	t	2018-10-30 10:43:53.263059+00	\N	\N	t	2018-10-30 10:44:31.18489+00	t	2018-10-30 10:44:47.011015+00	\N	2018-10-30 10:52:23.678593+00	2018-10-30 10:52:23.678608+00	21	48
236	I have made me fall in	2018-10-30 10:45:37.504258+00	f	D	2018-10-30 10:45:43.838916+00	[0, 0]	\N	0.0	0.0	0.0	\N		\N	\N	\N	\N	\N	\N	\N	\N	\N	\N	2018-10-30 10:52:23.69019+00	2018-10-30 10:52:23.690207+00	21	48
237	I have many fall in the frame he used English to speak with me but I always understand what are you talkin about	2018-10-30 10:46:47.444451+00	f	M	2018-10-30 10:47:16.734199+00	[0, 0]	\N	0.0	0.0	0.0	[[12, 29]]		\N	\N	\N	\N	\N	\N	\N	\N	\N	\N	2018-10-30 10:52:23.70171+00	2018-10-30 10:52:23.701726+00	21	48
238	East fall in love friends	2018-10-30 10:48:07.721405+00	f	D	2018-10-30 10:48:20.838036+00	[0, 0]	\N	0.0	0.0	0.0	\N		\N	\N	\N	\N	\N	\N	\N	\N	\N	\N	2018-10-30 10:52:23.717427+00	2018-10-30 10:52:23.717444+00	21	48
239	forgigner friends	2018-10-30 10:49:09.045066+00	f	B	2018-10-30 10:49:34.215863+00	[0.5, -0.2]	\N	0.0	0.0	0.0	[[0, 9]]		\N	\N	\N	\N	\N	\N	\N	\N	\N	foreign	2018-10-30 10:52:23.731071+00	2018-10-30 10:52:23.731088+00	21	48
240	foreigner and Foreigner is not same?	2018-10-30 10:51:11.308196+00	f	I	2018-10-30 10:51:24.815734+00	[0, 0]	\N	0.0	0.0	0.0	[[24, 31]]	are not the	2018-10-30 10:51:39.66372+00	t	2018-10-30 10:51:47.903345+00	\N	\N	t	2018-10-30 10:52:04.808289+00	t	2018-10-30 10:52:15.753425+00	\N	2018-10-30 10:52:23.743665+00	2018-10-30 10:52:23.743681+00	21	48
224	maybe I will go another restaurant with them next week	2018-10-26 12:44:55+00	f	I	2018-10-26 12:44:58+00	[0, 0]	\N	0.0	0.0	0.0	[[15, 16]]	to	2018-10-26 12:45:07+00	t	2018-10-26 12:45:20+00	t	2018-10-26 12:45:43+00	\N	\N	\N	\N	\N	2018-10-26 12:48:15.416736+00	2018-10-30 14:52:47.566161+00	20	45
241	I'm in a hurry for the whole day but I wasn't late for any activities	2018-11-01 13:11:50.77305+00	f	I	2018-11-01 13:11:56.489891+00	[0, 0]	\N	0.0	0.0	0.0	[[1, 3]]	was	2018-11-01 13:12:07.993199+00	\N	\N	t	2018-11-01 13:12:24.725193+00	\N	\N	\N	\N	\N	2018-11-01 13:39:38.463356+00	2018-11-01 13:39:38.463373+00	18	50
242	I was in a hurry for the whole day but I wasn't late for any of it please	2018-11-01 13:12:41.497627+00	f	M	2018-11-01 13:13:00.672886+00	[0, 0]	\N	0.0	0.0	0.0	[[67, 73]]		\N	\N	\N	\N	\N	\N	\N	\N	\N	\N	2018-11-01 13:39:38.478358+00	2018-11-01 13:39:38.478375+00	18	50
243	I was in a hurry for the whole day but I was late for any activities	2018-11-01 13:14:00.081865+00	f	I	2018-11-01 13:14:09.665417+00	[0, 0]	\N	0.0	0.0	0.0	[[41, 44]]	wasn't	2018-11-01 13:14:27.089109+00	\N	\N	t	2018-11-01 13:14:36.987944+00	\N	\N	\N	\N	\N	2018-11-01 13:39:38.490394+00	2018-11-01 13:39:38.49041+00	18	50
244	I was in a hurry for the whole day but I wasn't late for any activities	2018-11-01 13:15:00.806793+00	f	C	2018-11-01 13:15:16.521839+00	[0.6, 0.3]	\N	0.0	0.0	0.0	\N		\N	\N	\N	\N	\N	\N	\N	\N	\N	Oh that is great, well done!	2018-11-01 13:39:38.502389+00	2018-11-01 13:39:38.502406+00	18	50
245	I woke up too late in the morning so I couldn't eat my breakfast in my house	2018-11-01 13:16:45.196463+00	f	C	2018-11-01 13:17:06.953075+00	[-0.2, -0.5]	\N	0.0	0.0	0.1	\N		\N	\N	\N	\N	\N	\N	\N	\N	\N	Oh no, you must have been starving	2018-11-01 13:39:38.527443+00	2018-11-01 13:39:38.52746+00	18	50
246	I bought my breakfast while I am on the way to  school  and  ate it before the class started	2018-11-01 13:18:27.707316+00	f	I	2018-11-01 13:18:38.88141+00	[0, 0]	\N	0.0	0.0	0.0	[[30, 32]]	was	2018-11-01 13:18:48.897804+00	\N	\N	t	2018-11-01 13:19:26.830485+00	\N	\N	\N	\N	\N	2018-11-01 13:39:38.539485+00	2018-11-01 13:39:38.5395+00	18	50
247	I bought my breakfast while I was on the way to school and ate it before the class started	2018-11-01 13:20:27.196556+00	f	C	2018-11-01 13:20:49.753851+00	[0.5, 0.2]	\N	0.0	0.0	0.0	\N		\N	\N	\N	\N	\N	\N	\N	\N	\N	I hope you were able to buy something healthy!	2018-11-01 13:39:38.551491+00	2018-11-01 13:39:38.551507+00	18	50
248	I ate my breakfast in a hurry  and  I think I should wake up earlier so I have more time to eat my breakfast	2018-11-01 13:21:48.469522+00	f	C	2018-11-01 13:22:02.16222+00	[0.3, -0.4]	t	0.4	0.5	0.0	\N		\N	\N	\N	\N	\N	\N	\N	\N	\N	\N	2018-11-01 13:39:38.563158+00	2018-11-01 13:39:38.563174+00	18	50
249	after  my class finished I took a bus to go home	2018-11-01 13:24:44.522631+00	f	B	2018-11-01 13:25:05.042486+00	[0.3, -0.4]	\N	0.0	0.0	0.0	[[38, 48]]		\N	\N	\N	\N	\N	\N	\N	\N	\N	home	2018-11-01 13:39:38.574867+00	2018-11-01 13:39:38.574884+00	18	50
250	why is the answer home better than to go home	2018-11-01 13:28:13.242766+00	t	C	2018-11-01 13:29:34.786374+00	[0.4, -0.3]	\N	0.0	0.0	0.0	\N		\N	\N	\N	\N	\N	\N	\N	\N	\N	'to go home' is fine, but it is more common and natural to just say 'home'.  For example, 'I took a taxi home' is perfect.	2018-11-01 13:39:38.586446+00	2018-11-01 13:39:38.586463+00	18	50
251	the ring on the bus was broken so the bus driver didn't know I want to go down	2018-11-01 13:31:14.292335+00	f	M	2018-11-01 13:31:31.523491+00	[0, 0]	\N	0.0	0.0	0.0	[[0, 8]]		\N	\N	\N	\N	\N	\N	\N	\N	\N	\N	2018-11-01 13:39:38.597999+00	2018-11-01 13:39:38.598016+00	18	50
252	the Bell on the bus was broken so the bus driver didn't know I want to go down	2018-11-01 13:32:12.366315+00	f	I	2018-11-01 13:32:29.314755+00	[0, 0]	\N	0.0	0.0	0.0	[[63, 67]]	wanted	2018-11-01 13:32:41.035579+00	t	2018-11-01 13:32:47.919721+00	t	2018-11-01 13:33:15.316071+00	\N	\N	\N	\N	\N	2018-11-01 13:39:38.609594+00	2018-11-01 13:39:38.609609+00	18	50
253	the fell on the bus was broken so the bus driver didn't know I wanted to go down	2018-11-01 13:33:36.519968+00	f	C	2018-11-01 13:33:57.691436+00	[-0.6, -0.1]	\N	0.0	0.0	0.2	\N		\N	\N	\N	\N	\N	\N	\N	\N	\N	bell	2018-11-01 13:39:38.621182+00	2018-11-01 13:39:38.6212+00	18	50
254	the Bell on the bus was broken so the bus driver didn't know I wanted to go down	2018-11-01 13:36:05.640457+00	f	C	2018-11-01 13:36:24.996084+00	[-0.7, -0.1]	\N	0.0	0.0	0.1	\N		\N	\N	\N	\N	\N	\N	\N	\N	\N	Oh no, what did you do?	2018-11-01 13:39:38.632757+00	2018-11-01 13:39:38.632773+00	18	50
255	I had to take 10 minutes more to walk home	2018-11-01 13:37:33.977568+00	f	B	2018-11-01 13:38:01.132245+00	[-0.4, -0.4]	\N	0.0	0.0	0.0	[[0, 13]]		\N	\N	\N	\N	\N	\N	\N	\N	\N	It took me	2018-11-01 13:39:38.644476+00	2018-11-01 13:39:38.644492+00	18	50
256	is it right to say  I wanted to go down or is there an other better answer	2018-11-01 13:38:41.859477+00	f	C	2018-11-01 13:39:15.923914+00	[0.3, -0.3]	\N	0.0	0.0	0.0	\N		\N	\N	\N	\N	\N	\N	\N	\N	\N	'I wanted to get off' is more common	2018-11-01 13:39:38.658173+00	2018-11-01 13:39:38.658189+00	18	50
257	1 2 3 4	2018-11-05 12:16:26.012653+00	f	C	2018-11-05 12:16:32.008354+00	[0.7, 0.5]	\N	0.0	0.0	0.0	\N		\N	\N	\N	\N	\N	\N	\N	\N	\N	\N	2018-11-05 12:30:22.797953+00	2018-11-05 12:30:22.79797+00	2	52
258	nice to meet you	2018-11-05 12:18:00.490031+00	f	C	2018-11-05 12:18:21.136886+00	[0.7, 0.4]	\N	0.0	0.0	0.0	\N		\N	\N	\N	\N	\N	\N	\N	\N	\N	Nice to meet you too	2018-11-05 12:30:22.825748+00	2018-11-05 12:30:22.825764+00	2	52
259	hfeiuo	2018-11-05 12:19:13.096457+00	f	C	2018-11-05 12:19:18.806212+00	[-0.2, 0.9]	\N	0.0	0.0	0.0	\N		\N	\N	\N	\N	\N	\N	\N	\N	\N	\N	2018-11-05 12:30:22.84752+00	2018-11-05 12:30:22.847537+00	2	52
260	My cat died last week	2018-11-05 12:20:02.834093+00	f	C	2018-11-05 12:20:17.041036+00	[-0.2, -0.7]	\N	0.0	0.0	0.1	\N		\N	\N	\N	\N	\N	\N	\N	\N	\N	I'm so sorry to hear that	2018-11-05 12:30:22.857275+00	2018-11-05 12:30:22.857292+00	2	52
261	I felt really bad	2018-11-05 12:21:02.484948+00	f	C	2018-11-05 12:21:09.111757+00	[-0.2, -0.5]	t	0.4	0.3	0.0	\N		\N	\N	\N	\N	\N	\N	\N	\N	\N	\N	2018-11-05 12:30:22.866997+00	2018-11-05 12:30:22.867014+00	2	52
262	then we went to the park	2018-11-05 12:23:15.650728+00	f	C	2018-11-05 12:23:26.63096+00	[0.4, -0.4]	t	0.5	0.2	0.0	\N		\N	\N	\N	\N	\N	\N	\N	\N	\N	\N	2018-11-05 12:30:22.879004+00	2018-11-05 12:30:22.879021+00	2	52
263	great scots	2018-11-05 12:27:25.77156+00	f	I	2018-11-05 12:27:41.37829+00	[0, 0]	\N	0.0	0.0	0.0	[[6, 11]]	irish	2018-11-05 12:28:04.427015+00	t	2018-11-05 12:28:23.771826+00	\N	\N	t	2018-11-05 12:28:39.460024+00	t	2018-11-05 12:28:44.946141+00	\N	2018-11-05 12:30:22.891048+00	2018-11-05 12:30:22.891063+00	2	52
264	 is that?	2018-11-05 12:29:14.399459+00	f	C	2018-11-05 12:29:22.871954+00	[-0.2, -0.5]	f	0.4	0.2	0.0	\N		\N	\N	\N	\N	\N	\N	\N	\N	\N	\N	2018-11-05 12:30:22.900499+00	2018-11-05 12:30:22.900516+00	2	52
265	it was a very sunny day	2018-11-05 12:23:16.954251+00	f	C	2018-11-05 12:23:41.839429+00	[0.6, 0.3]	\N	0.0	0.0	0.2	\N		\N	\N	\N	\N	\N	\N	\N	\N	\N	Oh that must have been great	2018-11-05 12:34:26.128254+00	2018-11-05 12:34:26.128272+00	27	53
266	neopital nomas	2018-11-05 12:27:22.820949+00	f	I	2018-11-05 12:27:39.469471+00	[0, 0]	\N	0.0	0.0	0.0	[[0, 8]]	hospital	2018-11-05 12:28:17.695443+00	t	2018-11-05 12:28:20.990971+00	\N	\N	t	2018-11-05 12:28:41.267302+00	t	2018-11-05 12:28:47.349861+00	\N	2018-11-05 12:34:26.143352+00	2018-11-05 12:34:26.143367+00	27	53
267	yo yoy oy	2018-11-05 12:27:21.552273+00	f	I	2018-11-05 12:27:35.866787+00	[0, 0]	\N	0.0	0.0	0.0	[[6, 9]]	indeed	2018-11-05 12:27:52.837282+00	t	2018-11-05 12:28:21.977797+00	\N	\N	t	2018-11-05 12:28:40.00965+00	t	2018-11-05 12:28:48.612742+00	\N	2018-11-05 12:34:28.00051+00	2018-11-05 12:34:28.000525+00	28	54
271	today I don't have class at night finally so I could go to play Squash	2018-11-06 13:39:02.066614+00	f	C	2018-11-06 13:39:25.141941+00	[0.6, 0.3]	\N	0.0	0.0	0.0	\N		\N	\N	\N	\N	\N	\N	\N	\N	\N	Oh that's great to hear!	2018-11-06 14:11:36.404399+00	2018-11-06 14:11:36.404416+00	18	60
272	and what's more I think my back hand improved a lot	2018-11-06 13:40:15.004602+00	f	C	2018-11-06 13:40:35.688511+00	[0.5, 0.3]	t	0.5	0.3	0.2	\N		\N	\N	\N	\N	\N	\N	\N	\N	\N	\N	2018-11-06 14:11:36.418585+00	2018-11-06 14:11:36.418602+00	18	60
273	on the other hand my first hand wasn't so good like before I think it's because  I used too much time to improve my back	2018-11-06 13:43:00.879634+00	f	B	2018-11-06 13:43:33.396979+00	[0.4, -0.3]	t	0.5	0.2	0.0	[[21, 31]]		\N	\N	\N	\N	\N	\N	\N	\N	\N	forehand	2018-11-06 14:11:36.430655+00	2018-11-06 14:11:36.430672+00	18	60
274	what kind of sport do you like	2018-11-06 13:44:08.299125+00	t	C	2018-11-06 13:44:47.604827+00	[0.6, 0.4]	\N	0.0	0.0	0.1	\N		\N	\N	\N	\N	\N	\N	\N	\N	\N	Actually, I really like squash too! I play it once a week, but I am only a beginner, so I'm not very good.	2018-11-06 14:11:36.446881+00	2018-11-06 14:11:36.446897+00	18	60
275	I have a squash competition after two weeks	2018-11-06 13:46:01.074407+00	f	I	2018-11-06 13:46:06.142354+00	[0, 0]	\N	0.0	0.0	0.0	[[28, 33]]	in	2018-11-06 13:46:38.806071+00	\N	\N	t	2018-11-06 13:46:30.687809+00	\N	\N	\N	\N	\N	2018-11-06 14:11:36.458827+00	2018-11-06 14:11:36.458843+00	18	60
276	I will have a squash competition in 2 weeks	2018-11-06 13:46:59.940405+00	f	C	2018-11-06 13:47:21.984426+00	[0.6, 0.2]	t	0.4	0.4	0.0	\N		\N	\N	\N	\N	\N	\N	\N	\N	\N	Oh, you will need to do a lot of practice!	2018-11-06 14:11:36.474791+00	2018-11-06 14:11:36.474808+00	18	60
277	yeah but actually I don't have much time to practice for it	2018-11-06 13:48:04.559108+00	f	C	2018-11-06 13:48:33.216708+00	[-0.1, -0.4]	\N	0.0	0.0	0.0	\N		\N	\N	\N	\N	\N	\N	\N	\N	\N	Oh really, why not? I thought your exams were finished?	2018-11-06 14:11:36.4887+00	2018-11-06 14:11:36.488717+00	18	60
278	no I have two midterm exams in this week and after two weeks I will have another two exams	2018-11-06 13:50:21.305123+00	f	I	2018-11-06 13:50:29.436796+00	[0, 0]	\N	0.0	0.0	0.0	[[28, 30], [45, 50]]	[delete] # in	2018-11-06 13:50:52.248612+00	\N	\N	t	2018-11-06 13:50:58.592705+00	\N	\N	\N	\N	\N	2018-11-06 14:11:36.500299+00	2018-11-06 14:11:36.500315+00	18	60
279	no I will have to midterm exams in this week and after two weeks I will have another 2 exams	2018-11-06 13:52:30.359897+00	f	I	2018-11-06 13:52:39.381055+00	[0, 0]	\N	0.0	0.0	0.0	[[15, 17], [32, 34], [49, 64]]	two # [delete] # two weeks later	2018-11-06 13:53:16.195111+00	\N	\N	t	2018-11-06 13:53:02.085438+00	\N	\N	\N	\N	\N	2018-11-06 14:11:36.51833+00	2018-11-06 14:11:36.518345+00	18	60
280	no I will have two midterm exams in this week and after two weeks I will have another 2 exams	2018-11-06 13:53:30.426972+00	f	I	2018-11-06 13:53:38.062571+00	[0, 0]	\N	0.0	0.0	0.0	[[33, 35], [50, 65]]	[delete] # two weeks later	2018-11-06 13:54:00.002719+00	t	2018-11-06 13:54:05.154424+00	t	2018-11-06 13:54:53.20338+00	\N	\N	\N	\N	\N	2018-11-06 14:11:36.538094+00	2018-11-06 14:11:36.538109+00	18	60
281	no I will have to midterm exams  this week and  two weeks later I will have another two exams	2018-11-06 13:56:15.74809+00	f	B	2018-11-06 13:56:38.497103+00	[-0.5, -0.1]	\N	0.0	0.0	0.0	[[15, 17]]		\N	\N	\N	\N	\N	\N	\N	\N	\N	two	2018-11-06 14:11:36.547429+00	2018-11-06 14:11:36.547445+00	18	60
282	I have almost every day class from 6 to 8 at night and it is the time where I usually train my squash	2018-11-06 13:59:12.615386+00	f	I	2018-11-06 13:59:22.188846+00	[0, 0]	\N	0.0	0.0	0.0	[[7, 29], [70, 75], [86, 94]]	class almost every day # when # practice	2018-11-06 14:00:05.05275+00	\N	\N	t	2018-11-06 14:00:27.453484+00	\N	\N	\N	\N	\N	2018-11-06 14:11:36.561005+00	2018-11-06 14:11:36.561021+00	18	60
283	I have almost every day class from 6 to 8 at night and it is the time when I usually train my Squash	2018-11-06 14:01:44.53559+00	f	I	2018-11-06 14:01:52.83868+00	[0, 0]	\N	0.0	0.0	0.0	[[7, 29], [85, 100]]	class almost every day # do my squash training	2018-11-06 14:02:26.245034+00	t	2018-11-06 14:02:08.895526+00	t	2018-11-06 14:03:04.318785+00	\N	\N	\N	\N	\N	2018-11-06 14:11:36.580858+00	2018-11-06 14:11:36.580873+00	18	60
284	I have class almost every day from  6 to 8 at night and it the time when I usually train my squash skills	2018-11-06 14:04:30.806859+00	f	I	2018-11-06 14:04:44.952731+00	[0, 0]	\N	0.0	0.0	0.0	[[58, 59], [83, 105]]	is # practice squash	2018-11-06 14:05:12.388427+00	t	2018-11-06 14:05:17.210728+00	t	2018-11-06 14:06:02.980598+00	\N	\N	\N	\N	\N	2018-11-06 14:11:36.59448+00	2018-11-06 14:11:36.594496+00	18	60
285	I have plans almost every day from 6 to 8 at night and it is the time when I usually play squash	2018-11-06 14:07:20.291552+00	f	C	2018-11-06 14:07:53.638537+00	[-0.1, -0.4]	t	0.4	0.5	0.0	\N		\N	\N	\N	\N	\N	\N	\N	\N	\N	It seems like you are very busy indeed!	2018-11-06 14:11:36.60603+00	2018-11-06 14:11:36.606047+00	18	60
286	I have a lot of class this semester	2018-11-06 14:09:03.378704+00	f	I	2018-11-06 14:09:11.525027+00	[0, 0]	\N	0.0	0.0	0.0	[[16, 21]]	classes	2018-11-06 14:09:20.974904+00	\N	\N	t	2018-11-06 14:11:29.230813+00	\N	\N	\N	\N	\N	2018-11-06 14:11:36.621748+00	2018-11-06 14:11:36.621763+00	18	60
290	today I woke up at 7	2018-11-07 12:53:13.406917+00	f	C	2018-11-07 12:53:54.702834+00	[0.6, 0.3]	\N	0.0	0.0	0.0	\N		\N	\N	\N	\N	\N	\N	\N	\N	\N	\N	2018-11-07 13:24:29.073739+00	2018-11-07 13:24:29.073756+00	2	62
291	I ate breakfast and I ate quite a lot	2018-11-07 12:54:22.286721+00	f	C	2018-11-07 12:54:27.15799+00	[0.5, 0.3]	t	0.5	0.3	0.0	\N		\N	\N	\N	\N	\N	\N	\N	\N	\N	\N	2018-11-07 13:24:29.088057+00	2018-11-07 13:24:29.088074+00	2	62
292	I go to work after that	2018-11-07 12:55:12.53398+00	f	I	2018-11-07 12:55:16.010064+00	[0, 0]	\N	0.0	0.0	0.0	[[2, 4]]	went	2018-11-07 12:55:50.589639+00	t	2018-11-07 12:55:56.589426+00	\N	\N	t	2018-11-07 12:56:25.215262+00	t	2018-11-07 12:56:34.139769+00	\N	2018-11-07 13:24:29.100551+00	2018-11-07 13:24:29.100566+00	2	62
293	I did a lot of work today	2018-11-07 12:56:47.87756+00	f	C	2018-11-07 12:57:09.376207+00	[0.7, 0.2]	t	0.4	0.3	0.2	\N		\N	\N	\N	\N	\N	\N	\N	\N	\N	Oh great, what type of work did you do	2018-11-07 13:24:29.112716+00	2018-11-07 13:24:29.112733+00	2	62
294	this is a test sentence	2018-11-07 13:10:09.935546+00	f	\N	\N	[0, 0]	\N	0.0	0.0	0.0	\N		\N	\N	\N	\N	\N	\N	\N	\N	\N	\N	2018-11-07 13:24:29.124806+00	2018-11-07 13:24:29.124823+00	2	62
295	this is another test sentence	2018-11-07 13:15:01.84711+00	f	\N	\N	[0, 0]	\N	0.0	0.0	0.0	\N		\N	\N	\N	\N	\N	\N	\N	\N	\N	\N	2018-11-07 13:24:29.136827+00	2018-11-07 13:24:29.136844+00	2	62
296	hello	2018-11-07 13:23:35.906334+00	f	I	2018-11-07 13:23:39.210209+00	[0, 0]	\N	0.0	0.0	0.0	[[0, 5]]	hi	2018-11-07 13:23:46.603402+00	t	2018-11-07 13:23:55.216896+00	\N	\N	t	2018-11-07 13:24:13.247912+00	t	2018-11-07 13:24:21.252816+00	\N	2018-11-07 13:24:29.148902+00	2018-11-07 13:24:29.148918+00	2	62
297	this is a test sentence	2018-11-07 15:20:03.779321+00	f	\N	\N	[0, 0]	\N	0.0	0.0	0.0	\N		\N	\N	\N	\N	\N	\N	\N	\N	\N	\N	2018-11-07 15:31:12.522216+00	2018-11-07 15:31:12.522236+00	2	62
298	yesterday I go to work very early	2018-11-08 15:05:28.458689+00	f	I	2018-11-08 15:05:35.177744+00	[0, 0]	\N	0.0	0.0	0.0	[[12, 14]]	went	2018-11-08 15:06:09.261846+00	t	2018-11-08 15:05:55.795831+00	\N	\N	t	2018-11-08 15:06:24.37454+00	t	2018-11-08 15:06:58.92858+00	\N	2018-11-08 15:37:00.856982+00	2018-11-08 15:37:00.856998+00	2	63
299	My boss was very angry	2018-11-08 15:07:27.826616+00	f	C	2018-11-08 15:07:38.10819+00	[-0.8, -0.1]	\N	0.0	0.0	0.0	\N		\N	\N	\N	\N	\N	\N	\N	\N	\N	\N	2018-11-08 15:37:00.871892+00	2018-11-08 15:37:00.871908+00	2	63
300	I have read a very interesting book today	2018-11-13 13:41:09.418216+00	f	C	2018-11-13 13:41:26.948024+00	[0.6, 0.3]	t	0.5	0.2	0.0	\N		\N	\N	\N	\N	\N	\N	\N	\N	\N	\N	2018-11-13 14:11:38.031117+00	2018-11-13 14:11:38.031136+00	18	65
301	the book is primates of Park Avenue	2018-11-13 13:43:28.430304+00	f	C	2018-11-13 13:43:44.113113+00	[0.6, 0.3]	\N	0.0	0.0	0.1	\N		\N	\N	\N	\N	\N	\N	\N	\N	\N	Oh that sounds very interesting	2018-11-13 14:11:38.048049+00	2018-11-13 14:11:38.048068+00	18	65
302	the author is a mother who moved to New York and live there	2018-11-13 13:45:09.413531+00	f	I	2018-11-13 13:45:14.444965+00	[0, 0]	\N	0.0	0.0	0.0	[[49, 53]]	lived/lives	2018-11-13 13:45:25.836772+00	\N	\N	t	2018-11-13 13:46:07.346199+00	\N	\N	\N	\N	\N	2018-11-13 14:11:38.06513+00	2018-11-13 14:11:38.06516+00	18	65
303	the author is a mother who moved to New York	2018-11-13 13:46:24.750918+00	f	C	2018-11-13 13:46:35.556267+00	[0.3, -0.3]	t	0.6	0.1	0.0	\N		\N	\N	\N	\N	\N	\N	\N	\N	\N	\N	2018-11-13 14:11:38.081318+00	2018-11-13 14:11:38.081335+00	18	65
304	she is talking about the Society of New York City	2018-11-13 13:47:27.060184+00	f	C	2018-11-13 13:47:49.996265+00	[0.5, 0]	\N	0.0	0.0	0.2	\N		\N	\N	\N	\N	\N	\N	\N	\N	\N	writes	2018-11-13 14:11:38.0932+00	2018-11-13 14:11:38.093218+00	18	65
305	the Society of New York City is really different from us	2018-11-13 13:48:38.128719+00	f	I	2018-11-13 13:48:45.025946+00	[0, 0]	\N	0.0	0.0	0.0	[[54, 56]]	ours	2018-11-13 13:48:57.116839+00	\N	\N	t	2018-11-13 13:49:16.43596+00	\N	\N	\N	\N	\N	2018-11-13 14:11:38.105068+00	2018-11-13 14:11:38.105083+00	18	65
306	the Society of New York City is really different from ours	2018-11-13 13:49:56.733002+00	f	C	2018-11-13 13:50:14.749137+00	[0.3, -0.2]	\N	0.0	0.0	0.0	\N		\N	\N	\N	\N	\N	\N	\N	\N	\N	Oh really, in what ways?	2018-11-13 14:11:38.117018+00	2018-11-13 14:11:38.117034+00	18	65
307	the woman in New York City lived in a high pressure and needs to do everything perfect	2018-11-13 13:51:34.715221+00	f	I	2018-11-13 13:51:43.915369+00	[0, 0]	\N	0.0	0.0	0.0	[[51, 52], [79, 86]]	environment # prefectly	2018-11-13 13:52:40.350705+00	\N	\N	t	2018-11-13 13:53:08.219619+00	\N	\N	\N	\N	\N	2018-11-13 14:11:38.129058+00	2018-11-13 14:11:38.129076+00	18	65
308	the women in New York City lived in a high pressure and needs to do everything perfect	2018-11-13 13:53:28.133422+00	f	I	2018-11-13 13:53:38.098749+00	[0, 0]	\N	0.0	0.0	0.0	[[51, 52], [56, 61], [79, 86]]	environment # need # perfectly	2018-11-13 13:54:09.413885+00	t	2018-11-13 13:54:07.718302+00	\N	\N	t	2018-11-13 13:55:50.01638+00	t	2018-11-13 13:56:13.603556+00	\N	2018-11-13 14:11:38.143462+00	2018-11-13 14:11:38.143478+00	18	65
309	I was reading the book and almost forgot to go home	2018-11-13 13:57:16.566543+00	f	C	2018-11-13 13:57:27.029872+00	[0.4, 0.3]	\N	0.0	0.0	0.6	\N		\N	\N	\N	\N	\N	\N	\N	\N	\N	\N	2018-11-13 14:11:38.15543+00	2018-11-13 14:11:38.155447+00	18	65
310	and so I remember that I have class tonight	2018-11-13 14:00:10.922165+00	f	I	2018-11-13 14:00:15.454195+00	[0, 0]	\N	0.0	0.0	0.0	[[9, 17]]	remembered	2018-11-13 14:00:27.366843+00	\N	\N	t	2018-11-13 14:00:34.298113+00	\N	\N	\N	\N	\N	2018-11-13 14:11:38.167027+00	2018-11-13 14:11:38.167043+00	18	65
311	suddenly I remember that I have class tonight	2018-11-13 14:01:08.91721+00	f	I	2018-11-13 14:01:16.486984+00	[0, 0]	\N	0.0	0.0	0.0	[[11, 19]]	remembered	2018-11-13 14:01:29.878607+00	\N	\N	t	2018-11-13 14:01:32.88851+00	\N	\N	\N	\N	\N	2018-11-13 14:11:38.178639+00	2018-11-13 14:11:38.178655+00	18	65
313	fortunately no because I jump into the bus on the last minute	2018-11-13 14:05:38.859955+00	f	I	2018-11-13 14:05:43.279917+00	[0, 0]	\N	0.0	0.0	0.0	[[25, 34], [43, 45]]	jumped onto # at	2018-11-13 14:06:01.614744+00	\N	\N	t	2018-11-13 14:06:01.374525+00	\N	\N	\N	\N	\N	2018-11-13 14:11:38.201953+00	2018-11-13 14:11:38.201969+00	18	65
314	fortunately no because I jump into the bus in the last minute	2018-11-13 14:06:26.191949+00	f	I	2018-11-13 14:06:31.64752+00	[0, 0]	\N	0.0	0.0	0.0	[[25, 34], [43, 45]]	jumped onto # at	2018-11-13 14:06:52.647431+00	t	2018-11-13 14:06:51.424856+00	t	2018-11-13 14:07:08.966676+00	\N	\N	\N	\N	\N	2018-11-13 14:11:38.22651+00	2018-11-13 14:11:38.226525+00	18	65
315	fortunately no because I jumped it into the bus  on the last minute	2018-11-13 14:07:41.1482+00	f	I	2018-11-13 14:07:49.903374+00	[0, 0]	\N	0.0	0.0	0.0	[[32, 39], [49, 51]]	onto # at	2018-11-13 14:08:06.591738+00	t	2018-11-13 14:08:07.431024+00	t	2018-11-13 14:08:25.722993+00	\N	\N	\N	\N	\N	2018-11-13 14:11:38.238271+00	2018-11-13 14:11:38.238289+00	18	65
316	fortunately no because I jumped into the bus at the last minute	2018-11-13 14:09:05.342372+00	f	C	2018-11-13 14:09:23.742855+00	[0.6, -0.4]	\N	0.0	0.0	0.0	\N		\N	\N	\N	\N	\N	\N	\N	\N	\N	onto	2018-11-13 14:11:38.250733+00	2018-11-13 14:11:38.250752+00	18	65
317	so I arrived home on time and did the class	2018-11-13 14:10:54.844339+00	f	C	2018-11-13 14:11:13.103844+00	[0.5, 0.3]	t	0.5	0.3	0.0	\N		\N	\N	\N	\N	\N	\N	\N	\N	\N	Well done for getting to class on time!	2018-11-13 14:11:38.262956+00	2018-11-13 14:11:38.262976+00	18	65
318	I was happy today because tomorrow our School has a school anniversary\n	2018-11-14 11:38:20.676578+00	f	C	2018-11-14 11:38:31.65918+00	[0.6, 0.3]	t	0.5	0.2	0.0	\N		\N	\N	\N	\N	\N	\N	\N	\N	\N	\N	2018-11-14 12:05:26.424288+00	2018-11-14 12:05:26.424306+00	11	66
319	our school anniversary can have one day  take off for our student so we don't need to go to school\n	2018-11-14 11:43:28.258804+00	f	I	2018-11-14 11:43:33.748694+00	[0, 0]	\N	0.0	0.0	0.0	[[23, 65]]	allows students to take one day off	2018-11-14 11:44:37.722353+00	t	2018-11-14 11:43:58.147064+00	\N	\N	t	2018-11-14 11:44:49.56632+00	t	2018-11-14 11:45:14.061077+00	\N	2018-11-14 12:05:26.438432+00	2018-11-14 12:05:26.438447+00	11	66
320	so my friends and I have a plan \n we wants to  have a trip	2018-11-14 11:46:27.444775+00	f	I	2018-11-14 11:46:48.256734+00	[0, 0]	\N	0.0	0.0	0.0	[[34, 51]]	to take	2018-11-14 11:47:03.475608+00	t	2018-11-14 11:47:02.947442+00	t	2018-11-14 11:47:21.970242+00	\N	\N	\N	\N	\N	2018-11-14 12:05:26.450494+00	2018-11-14 12:05:26.450509+00	11	66
321	so my friends and I have a plan \n we want to  have a trip	2018-11-14 11:47:38.292695+00	f	B	2018-11-14 11:47:59.614012+00	[0.6, 0.4]	\N	0.0	0.0	0.0	[[34, 50]]		\N	\N	\N	\N	\N	\N	\N	\N	\N	to take	2018-11-14 12:05:26.462423+00	2018-11-14 12:05:26.462439+00	11	66
322	following is our plan in the morning we will go to National Museum	2018-11-14 11:49:07.231228+00	f	I	2018-11-14 11:49:15.526563+00	[0, 0]	\N	0.0	0.0	0.0	[[0, 13], [37, 44], [51, 66]]	[delete] # is to # the National Museum	2018-11-14 11:50:10.179139+00	t	2018-11-14 11:50:17.281208+00	\N	\N	t	2018-11-14 11:51:00.938368+00	t	2018-11-14 11:51:21.786555+00	\N	2018-11-14 12:05:26.47205+00	2018-11-14 12:05:26.472065+00	11	66
323	after visiting the national museum we will go to  play the board game\n	2018-11-14 11:52:08.888863+00	f	I	2018-11-14 11:52:17.969896+00	[0, 0]	\N	0.0	0.0	0.0	[[55, 58]]	a	2018-11-14 11:52:26.996292+00	t	2018-11-14 11:52:46.714928+00	t	2018-11-14 11:53:13.185827+00	\N	\N	\N	\N	\N	2018-11-14 12:05:26.484108+00	2018-11-14 12:05:26.484124+00	11	66
324	after visiting the national museum we will go to  play board game\n	2018-11-14 11:53:24.138273+00	f	I	2018-11-14 11:53:32.621933+00	[0, 0]	\N	0.0	0.0	0.0	[[54, 55]]	a	2018-11-14 11:53:45.193323+00	t	2018-11-14 11:54:20.70996+00	\N	\N	t	2018-11-14 11:54:38.819511+00	t	2018-11-14 11:55:56.264052+00	\N	2018-11-14 12:05:26.496004+00	2018-11-14 12:05:26.49602+00	11	66
325	so  that's why I was happy today	2018-11-14 11:56:30.749805+00	f	C	2018-11-14 11:57:02.782788+00	[0.7, 0.4]	\N	0.0	0.0	0.0	\N		\N	\N	\N	\N	\N	\N	\N	\N	\N	I'm really glad to hear that you are excited about your plans tomorrow. Will you eat with your friends?	2018-11-14 12:05:26.505476+00	2018-11-14 12:05:26.505493+00	11	66
326	yeah I will have lunch with my friendS\n I hope I can have a great time tomorrow	2018-11-14 11:58:09.435737+00	f	C	2018-11-14 11:58:38.437005+00	[0.6, 0.4]	t	0.5	0.3	0.0	\N		\N	\N	\N	\N	\N	\N	\N	\N	\N	I'm sure you will, it sounds fantastic and the museum will be very interesting!	2018-11-14 12:05:26.517063+00	2018-11-14 12:05:26.51708+00	11	66
327	YEAH sure and visiting the museum is my dream in my life	2018-11-14 11:59:38.577891+00	f	C	2018-11-14 12:00:00.704466+00	[0.4, -0.4]	t	0.5	0.2	0.0	\N		\N	\N	\N	\N	\N	\N	\N	\N	\N	Really? Why is it your dream?	2018-11-14 12:05:26.528662+00	2018-11-14 12:05:26.528679+00	11	66
328	I have many dreams and I think I need to have courage to  make my dreams come true just like visiting the museum in my life once	2018-11-14 12:01:15.953841+00	f	C	2018-11-14 12:01:53.264288+00	[0.6, 0.2]	t	0.8	0.1	0.0	\N		\N	\N	\N	\N	\N	\N	\N	\N	\N	What are some of your other dreams?	2018-11-14 12:05:26.540244+00	2018-11-14 12:05:26.540261+00	11	66
329	 I like to play drama so  I will  find some drama where I can act	2018-11-14 12:03:15.63581+00	f	M	2018-11-14 12:03:27.368707+00	[0, 0]	\N	0.0	0.0	0.0	[[11, 21]]		\N	\N	\N	\N	\N	\N	\N	\N	\N	\N	2018-11-14 12:05:26.551789+00	2018-11-14 12:05:26.551805+00	11	66
330	play drama means  have a role play and act	2018-11-14 12:04:17.511797+00	f	C	2018-11-14 12:05:04.848011+00	[0.4, 0.2]	\N	0.0	0.0	0.3	\N		\N	\N	\N	\N	\N	\N	\N	\N	\N	Oh, you mean perform in the theater?	2018-11-14 12:05:26.563525+00	2018-11-14 12:05:26.563542+00	11	66
\.


--
-- Name: face_permsentence_id_seq; Type: SEQUENCE SET; Schema: public; Owner: john
--

SELECT pg_catalog.setval('public.face_permsentence_id_seq', 330, true);


--
-- Data for Name: face_profile; Type: TABLE DATA; Schema: public; Owner: john
--

COPY public.face_profile (id, gender, learner_id, language, nationality, born, education, lived_in_english_speaking_country, consent, english_level) FROM stdin;
1	M	1	\N	\N	\N	\N	\N	t	\N
2	F	2	\N	\N	\N	\N	\N	t	\N
3	F	3	\N	\N	\N	\N	\N	t	\N
4	M	4	ar	Azerbaijan	1980-1984	4	0	t	3
5	M	5	zh	Taiwan	1995-1999	5	0	t	2
6	M	6	en_US	Taiwan	1975-1979	5	0	t	0
11	F	11	zh	Taiwan	1995-1999	4	0	t	2
12	M	12	zh_Hans	Malaysia	1990-1994	2	0	t	1
13	M	13	zh	Taiwan	1995-1999	4	0	t	2
18	F	18	zh	Taiwan	1995-1999	4	0	t	2
21	F	20	zh	Taiwan	1995-1999	4	0	t	2
22	M	21	th	Thailand	1995-1999	5	5	t	0
23	F	22	it	Italy	1995-1999	6	1	t	5
24	M	24	de	Germany	1990-1994	5	1	t	4
25	M	26	de	Germany	1990-1994	6	1	t	5
26	F	27	ace	Albania	1950-1954	2	1	t	1
27	F	28	ach	Albania	1950-1954	2	2	t	1
29	F	30	zh	China	1990-1994	6	2	t	3
\.


--
-- Name: face_profile_id_seq; Type: SEQUENCE SET; Schema: public; Owner: john
--

SELECT pg_catalog.setval('public.face_profile_id_seq', 30, true);


--
-- Data for Name: face_pronunciationrequest; Type: TABLE DATA; Schema: public; Owner: john
--

COPY public.face_pronunciationrequest (id, text_to_speech, created_at, sentence_id) FROM stdin;
\.


--
-- Name: face_pronunciationrequest_id_seq; Type: SEQUENCE SET; Schema: public; Owner: john
--

SELECT pg_catalog.setval('public.face_pronunciationrequest_id_seq', 6, true);


--
-- Data for Name: face_sentence; Type: TABLE DATA; Schema: public; Owner: john
--

COPY public.face_sentence (id, sentence, judgement, emotion, indexes, correction, whats_wrong, try_again, created_at, updated_at, learner_id, session_id, prompt, whats_wrong_timestamp, nod, "nodAmount", surprise, "nodSpeed", correction_timestamp, judgement_timestamp, sentence_timestamp, try_again_timestamp, next_sentence, next_sentence_timestamp, show_correction, show_correction_timestamp, question) FROM stdin;
107	because he is so mean and demanding	C	[-0.2, -0.6]	\N		\N	\N	2018-08-31 10:20:21.891658+00	2018-08-31 10:20:39.484847+00	2	6	\N	\N	t	0.3	0.0	0.1	\N	2018-08-31 10:20:39.475745+00	2018-08-31 10:20:27.966044+00	\N	\N	\N	\N	\N	f
179	I like traveling	C	[0.5, 0.3]	\N		\N	\N	2018-09-12 08:19:05.769307+00	2018-09-12 08:19:59.03141+00	3	15	That's great, I like it too	\N	t	0.3	0.0	0.4	\N	2018-09-12 08:19:59.021852+00	2018-09-12 08:19:46.631758+00	\N	\N	\N	\N	\N	f
108	I posted my room information in the Japanese community, then one Japanese guy replied me	I	[0, 0]	[[85, 86]]	to	\N	t	2018-08-31 10:24:57.804591+00	2018-08-31 10:26:43.787936+00	2	6	\N	\N	\N	0.0	0.0	0.0	2018-08-31 10:26:29.851396+00	2018-08-31 10:26:20.132308+00	2018-08-31 10:26:11.590145+00	2018-08-31 10:26:43.778311+00	\N	\N	\N	\N	f
180	but I don't like to go to China	C	[-0.2, -0.5]	\N		\N	\N	2018-09-12 08:20:54.873442+00	2018-09-12 08:21:16.249273+00	3	15	\N	\N	t	0.2	0.0	0.1	\N	2018-09-12 08:21:16.239947+00	2018-09-12 08:21:04.082448+00	\N	\N	\N	\N	\N	f
109	I posted my room information in a Japanese community, then one Japanese guy replied me	I	[0, 0]	[[32, 33], [83, 84]]	the # to	t	\N	2018-08-31 10:27:13.408619+00	2018-08-31 10:28:04.747738+00	2	6	\N	2018-08-31 10:27:34.826563+00	\N	0.0	0.0	0.0	2018-08-31 10:27:37.841611+00	2018-08-31 10:27:22.30731+00	2018-08-31 10:27:13.384751+00	\N	t	2018-08-31 10:28:04.738161+00	t	2018-08-31 10:27:54.650109+00	f
181	Do you like Taiwan?	C	[-0.1, -0.3]	\N		\N	\N	2018-09-12 08:23:21.720605+00	2018-09-12 08:23:39.427439+00	3	15	I've never been there but I hear it is beautiful.	\N	f	0.2	0.0	0.4	\N	2018-09-12 08:23:39.418193+00	2018-09-12 08:23:21.691891+00	\N	\N	\N	\N	\N	f
110	he asked me if he can live there from 27th of September which is 2 weeks later  I'm leaving out	I	[0, 0]	[[73, 95]]	after I leave	\N	\N	2018-08-31 10:28:16.652743+00	2018-08-31 10:30:25.221855+00	2	6	\N	\N	\N	0.0	0.0	0.0	2018-08-31 10:30:25.212623+00	2018-08-31 10:30:07.273517+00	2018-08-31 10:29:57.600266+00	\N	\N	\N	\N	\N	f
182	\N	\N	[0, 0]	\N		\N	\N	2018-09-12 08:25:08.530617+00	2018-09-12 08:25:08.530635+00	3	15	\N	\N	\N	0.0	0.0	0.0	\N	\N	\N	\N	\N	\N	\N	\N	f
183	last year I go to China	I	[0, 0]	[[12, 14]]	went	t	\N	2018-09-12 08:25:08.857221+00	2018-09-12 08:26:07.728716+00	3	15	\N	2018-09-12 08:25:44.497718+00	\N	0.0	0.0	0.0	2018-09-12 08:25:20.760198+00	2018-09-12 08:25:12.422782+00	2018-09-12 08:25:08.845178+00	\N	\N	\N	t	2018-09-12 08:26:07.719278+00	f
106	I'm angry with a house owner	C	[-0.7, 0]	\N		\N	\N	2018-08-31 10:18:53.748837+00	2018-08-31 10:19:27.157274+00	2	6	Oh my god!	\N	\N	0.0	0.1	0.0	\N	2018-08-31 10:19:27.147949+00	2018-08-31 10:19:09.901594+00	\N	\N	\N	\N	\N	f
223	hey you	C	[0.6, 0.4]	\N		\N	\N	2018-10-03 14:56:51.01507+00	2018-10-03 14:57:12.308186+00	1	21	\N	\N	\N	0.0	0.0	0.0	\N	2018-10-03 14:57:12.298751+00	2018-10-03 14:56:51.002955+00	\N	\N	\N	\N	\N	f
\.


--
-- Name: face_sentence_id_seq; Type: SEQUENCE SET; Schema: public; Owner: john
--

SELECT pg_catalog.setval('public.face_sentence_id_seq', 426, true);


--
-- Data for Name: face_session; Type: TABLE DATA; Schema: public; Owner: john
--

COPY public.face_session (id, start_time, end_time, learner_emotion, topic, score, learner_id) FROM stdin;
53	2018-11-05 12:15:09.757413+00	2018-11-05 12:34:26.158239+00	happy	emotion	34	27
54	2018-11-05 12:25:27.961576+00	2018-11-05 12:34:28.016965+00	sad	emotion	0	28
20	2018-10-02 13:18:48.595139+00	2018-10-02 13:49:38.710828+00	happy	how to release stress	11	2
19	2018-10-02 13:18:43.023287+00	2018-10-02 13:49:59.616257+00	angry	emotion	14	3
30	2018-10-18 11:09:12+00	2018-10-18 11:43:50+00	happy	emotion	61	11
6	2018-08-31 10:17:43+00	2018-08-31 10:50:00+00	angry	emotion	20	2
21	2018-10-04 12:48:43+00	2018-10-04 13:45:14+00	sad	emotion	4	1
42	2018-10-23 13:52:40.215133+00	2018-10-23 14:11:22.44192+00	annoyed	emotion	55	18
22	2018-10-04 13:50:03.445444+00	2018-10-04 14:25:16.810732+00	happy	living in shared house in Japan	11	2
3	2018-08-30 09:33:26.386274+00	2018-08-30 10:03:32.702991+00	excited	emotion	14	2
9	2018-09-03 14:05:27.50526+00	2018-09-03 14:36:23.073441+00	happy	meeting with my friend	13	2
7	2018-08-31 15:00:38+00	2018-08-31 15:31:15+00	angry	emotion	13	1
13	2018-10-02 13:16:00+00	2018-10-02 13:49:26+00	surprised	emotion	13	1
23	2018-10-15 16:47:00.993623+00	2018-10-15 16:59:24.858352+00	excited	the subway	0	1
60	2018-11-06 13:36:53.986088+00	2018-11-06 14:11:36.635236+00	happy	emotion	55	18
12	2018-09-06 12:46:33+00	2018-09-06 13:16:58.613547+00	happy	moving out a house	13	2
45	2018-10-26 12:28:06.57241+00	2018-10-26 12:48:15.445801+00	happy	emotion	54	20
15	2018-09-12 08:16:03+00	2018-09-12 08:30:31+00	excited	travelling	20	3
18	2018-10-01 11:22:20.257908+00	2018-10-01 11:52:02.610128+00	happy	learning new things	11	2
29	2018-10-18 10:33:50.650234+00	2018-10-18 10:36:29.571923+00	sad	emotion	43	1
62	2018-11-07 14:57:13+00	2018-11-07 22:53:00.261968+00	sad	emotion	0	2
31	2018-10-19 10:25:19.477583+00	2018-10-19 11:03:32.925627+00	excited	news: Limousine Crash	11	13
63	2018-11-08 15:03:03.359521+00	2018-11-08 15:37:00.879323+00	happy	emotion	30	2
48	2018-10-30 10:23:08.816902+00	2018-10-30 10:52:23.760007+00	sad	emotion	26	21
32	2018-10-22 13:33:36+00	2018-10-22 14:11:24.62572+00	happy	My wish list	66	2
50	2018-11-01 13:09:12.881947+00	2018-11-01 13:39:38.667593+00	happy	emotion	68	18
65	2018-11-13 13:38:19.847782+00	2018-11-13 14:11:38.279115+00	excited	emotion	54	18
52	2018-11-05 12:14:02.749137+00	2018-11-05 12:30:22.907658+00	excited	emotion	36	2
66	2018-11-14 11:35:52.634495+00	2018-11-14 12:05:26.572795+00	happy	emotion	58	11
\.


--
-- Name: face_session_id_seq; Type: SEQUENCE SET; Schema: public; Owner: john
--

SELECT pg_catalog.setval('public.face_session_id_seq', 66, true);


--
-- Name: auth_group_name_key; Type: CONSTRAINT; Schema: public; Owner: john
--

ALTER TABLE ONLY public.auth_group
    ADD CONSTRAINT auth_group_name_key UNIQUE (name);


--
-- Name: auth_group_permissions_group_id_permission_id_0cd325b0_uniq; Type: CONSTRAINT; Schema: public; Owner: john
--

ALTER TABLE ONLY public.auth_group_permissions
    ADD CONSTRAINT auth_group_permissions_group_id_permission_id_0cd325b0_uniq UNIQUE (group_id, permission_id);


--
-- Name: auth_group_permissions_pkey; Type: CONSTRAINT; Schema: public; Owner: john
--

ALTER TABLE ONLY public.auth_group_permissions
    ADD CONSTRAINT auth_group_permissions_pkey PRIMARY KEY (id);


--
-- Name: auth_group_pkey; Type: CONSTRAINT; Schema: public; Owner: john
--

ALTER TABLE ONLY public.auth_group
    ADD CONSTRAINT auth_group_pkey PRIMARY KEY (id);


--
-- Name: auth_permission_content_type_id_codename_01ab375a_uniq; Type: CONSTRAINT; Schema: public; Owner: john
--

ALTER TABLE ONLY public.auth_permission
    ADD CONSTRAINT auth_permission_content_type_id_codename_01ab375a_uniq UNIQUE (content_type_id, codename);


--
-- Name: auth_permission_pkey; Type: CONSTRAINT; Schema: public; Owner: john
--

ALTER TABLE ONLY public.auth_permission
    ADD CONSTRAINT auth_permission_pkey PRIMARY KEY (id);


--
-- Name: auth_user_groups_pkey; Type: CONSTRAINT; Schema: public; Owner: john
--

ALTER TABLE ONLY public.auth_user_groups
    ADD CONSTRAINT auth_user_groups_pkey PRIMARY KEY (id);


--
-- Name: auth_user_groups_user_id_group_id_94350c0c_uniq; Type: CONSTRAINT; Schema: public; Owner: john
--

ALTER TABLE ONLY public.auth_user_groups
    ADD CONSTRAINT auth_user_groups_user_id_group_id_94350c0c_uniq UNIQUE (user_id, group_id);


--
-- Name: auth_user_pkey; Type: CONSTRAINT; Schema: public; Owner: john
--

ALTER TABLE ONLY public.auth_user
    ADD CONSTRAINT auth_user_pkey PRIMARY KEY (id);


--
-- Name: auth_user_user_permissions_pkey; Type: CONSTRAINT; Schema: public; Owner: john
--

ALTER TABLE ONLY public.auth_user_user_permissions
    ADD CONSTRAINT auth_user_user_permissions_pkey PRIMARY KEY (id);


--
-- Name: auth_user_user_permissions_user_id_permission_id_14a6b632_uniq; Type: CONSTRAINT; Schema: public; Owner: john
--

ALTER TABLE ONLY public.auth_user_user_permissions
    ADD CONSTRAINT auth_user_user_permissions_user_id_permission_id_14a6b632_uniq UNIQUE (user_id, permission_id);


--
-- Name: auth_user_username_key; Type: CONSTRAINT; Schema: public; Owner: john
--

ALTER TABLE ONLY public.auth_user
    ADD CONSTRAINT auth_user_username_key UNIQUE (username);


--
-- Name: django_admin_log_pkey; Type: CONSTRAINT; Schema: public; Owner: john
--

ALTER TABLE ONLY public.django_admin_log
    ADD CONSTRAINT django_admin_log_pkey PRIMARY KEY (id);


--
-- Name: django_content_type_app_label_model_76bd3d3b_uniq; Type: CONSTRAINT; Schema: public; Owner: john
--

ALTER TABLE ONLY public.django_content_type
    ADD CONSTRAINT django_content_type_app_label_model_76bd3d3b_uniq UNIQUE (app_label, model);


--
-- Name: django_content_type_pkey; Type: CONSTRAINT; Schema: public; Owner: john
--

ALTER TABLE ONLY public.django_content_type
    ADD CONSTRAINT django_content_type_pkey PRIMARY KEY (id);


--
-- Name: django_migrations_pkey; Type: CONSTRAINT; Schema: public; Owner: john
--

ALTER TABLE ONLY public.django_migrations
    ADD CONSTRAINT django_migrations_pkey PRIMARY KEY (id);


--
-- Name: django_session_pkey; Type: CONSTRAINT; Schema: public; Owner: john
--

ALTER TABLE ONLY public.django_session
    ADD CONSTRAINT django_session_pkey PRIMARY KEY (session_key);


--
-- Name: face_audiofile_pkey; Type: CONSTRAINT; Schema: public; Owner: john
--

ALTER TABLE ONLY public.face_audiofile
    ADD CONSTRAINT face_audiofile_pkey PRIMARY KEY (id);


--
-- Name: face_available_pkey; Type: CONSTRAINT; Schema: public; Owner: john
--

ALTER TABLE ONLY public.face_available
    ADD CONSTRAINT face_available_pkey PRIMARY KEY (id);


--
-- Name: face_newsarticle_pkey; Type: CONSTRAINT; Schema: public; Owner: john
--

ALTER TABLE ONLY public.face_newsarticle
    ADD CONSTRAINT face_newsarticle_pkey PRIMARY KEY (id);


--
-- Name: face_permaudiofile_pkey; Type: CONSTRAINT; Schema: public; Owner: john
--

ALTER TABLE ONLY public.face_permaudiofile
    ADD CONSTRAINT face_permaudiofile_pkey PRIMARY KEY (id);


--
-- Name: face_permpronunciationrequest_pkey; Type: CONSTRAINT; Schema: public; Owner: john
--

ALTER TABLE ONLY public.face_permpronunciationrequest
    ADD CONSTRAINT face_permpronunciationrequest_pkey PRIMARY KEY (id);


--
-- Name: face_permsentence_pkey; Type: CONSTRAINT; Schema: public; Owner: john
--

ALTER TABLE ONLY public.face_permsentence
    ADD CONSTRAINT face_permsentence_pkey PRIMARY KEY (id);


--
-- Name: face_profile_pkey; Type: CONSTRAINT; Schema: public; Owner: john
--

ALTER TABLE ONLY public.face_profile
    ADD CONSTRAINT face_profile_pkey PRIMARY KEY (id);


--
-- Name: face_pronunciationrequest_pkey; Type: CONSTRAINT; Schema: public; Owner: john
--

ALTER TABLE ONLY public.face_pronunciationrequest
    ADD CONSTRAINT face_pronunciationrequest_pkey PRIMARY KEY (id);


--
-- Name: face_sentence_pkey; Type: CONSTRAINT; Schema: public; Owner: john
--

ALTER TABLE ONLY public.face_sentence
    ADD CONSTRAINT face_sentence_pkey PRIMARY KEY (id);


--
-- Name: face_session_pkey; Type: CONSTRAINT; Schema: public; Owner: john
--

ALTER TABLE ONLY public.face_session
    ADD CONSTRAINT face_session_pkey PRIMARY KEY (id);


--
-- Name: auth_group_name_a6ea08ec_like; Type: INDEX; Schema: public; Owner: john
--

CREATE INDEX auth_group_name_a6ea08ec_like ON public.auth_group USING btree (name varchar_pattern_ops);


--
-- Name: auth_group_permissions_group_id_b120cbf9; Type: INDEX; Schema: public; Owner: john
--

CREATE INDEX auth_group_permissions_group_id_b120cbf9 ON public.auth_group_permissions USING btree (group_id);


--
-- Name: auth_group_permissions_permission_id_84c5c92e; Type: INDEX; Schema: public; Owner: john
--

CREATE INDEX auth_group_permissions_permission_id_84c5c92e ON public.auth_group_permissions USING btree (permission_id);


--
-- Name: auth_permission_content_type_id_2f476e4b; Type: INDEX; Schema: public; Owner: john
--

CREATE INDEX auth_permission_content_type_id_2f476e4b ON public.auth_permission USING btree (content_type_id);


--
-- Name: auth_user_groups_group_id_97559544; Type: INDEX; Schema: public; Owner: john
--

CREATE INDEX auth_user_groups_group_id_97559544 ON public.auth_user_groups USING btree (group_id);


--
-- Name: auth_user_groups_user_id_6a12ed8b; Type: INDEX; Schema: public; Owner: john
--

CREATE INDEX auth_user_groups_user_id_6a12ed8b ON public.auth_user_groups USING btree (user_id);


--
-- Name: auth_user_user_permissions_permission_id_1fbb5f2c; Type: INDEX; Schema: public; Owner: john
--

CREATE INDEX auth_user_user_permissions_permission_id_1fbb5f2c ON public.auth_user_user_permissions USING btree (permission_id);


--
-- Name: auth_user_user_permissions_user_id_a95ead1b; Type: INDEX; Schema: public; Owner: john
--

CREATE INDEX auth_user_user_permissions_user_id_a95ead1b ON public.auth_user_user_permissions USING btree (user_id);


--
-- Name: auth_user_username_6821ab7c_like; Type: INDEX; Schema: public; Owner: john
--

CREATE INDEX auth_user_username_6821ab7c_like ON public.auth_user USING btree (username varchar_pattern_ops);


--
-- Name: django_admin_log_content_type_id_c4bce8eb; Type: INDEX; Schema: public; Owner: john
--

CREATE INDEX django_admin_log_content_type_id_c4bce8eb ON public.django_admin_log USING btree (content_type_id);


--
-- Name: django_admin_log_user_id_c564eba6; Type: INDEX; Schema: public; Owner: john
--

CREATE INDEX django_admin_log_user_id_c564eba6 ON public.django_admin_log USING btree (user_id);


--
-- Name: django_session_expire_date_a5c62663; Type: INDEX; Schema: public; Owner: john
--

CREATE INDEX django_session_expire_date_a5c62663 ON public.django_session USING btree (expire_date);


--
-- Name: django_session_session_key_c0390e0f_like; Type: INDEX; Schema: public; Owner: john
--

CREATE INDEX django_session_session_key_c0390e0f_like ON public.django_session USING btree (session_key varchar_pattern_ops);


--
-- Name: face_audiofile_sentence_id_6477657f; Type: INDEX; Schema: public; Owner: john
--

CREATE INDEX face_audiofile_sentence_id_6477657f ON public.face_audiofile USING btree (sentence_id);


--
-- Name: face_permaudiofile_sentence_id_97efea36; Type: INDEX; Schema: public; Owner: john
--

CREATE INDEX face_permaudiofile_sentence_id_97efea36 ON public.face_permaudiofile USING btree (sentence_id);


--
-- Name: face_permpronunciationrequest_sentence_id_71ce6d84; Type: INDEX; Schema: public; Owner: john
--

CREATE INDEX face_permpronunciationrequest_sentence_id_71ce6d84 ON public.face_permpronunciationrequest USING btree (sentence_id);


--
-- Name: face_permsentence_learner_id_3a1f16d7; Type: INDEX; Schema: public; Owner: john
--

CREATE INDEX face_permsentence_learner_id_3a1f16d7 ON public.face_permsentence USING btree (learner_id);


--
-- Name: face_permsentence_session_id_7c23c94c; Type: INDEX; Schema: public; Owner: john
--

CREATE INDEX face_permsentence_session_id_7c23c94c ON public.face_permsentence USING btree (session_id);


--
-- Name: face_profile_learner_id_393a5f7f; Type: INDEX; Schema: public; Owner: john
--

CREATE INDEX face_profile_learner_id_393a5f7f ON public.face_profile USING btree (learner_id);


--
-- Name: face_pronunciationrequest_sentence_id_ff9563b0; Type: INDEX; Schema: public; Owner: john
--

CREATE INDEX face_pronunciationrequest_sentence_id_ff9563b0 ON public.face_pronunciationrequest USING btree (sentence_id);


--
-- Name: face_sentence_learner_id_37a6509d; Type: INDEX; Schema: public; Owner: john
--

CREATE INDEX face_sentence_learner_id_37a6509d ON public.face_sentence USING btree (learner_id);


--
-- Name: face_sentence_session_id_a0a64e7e; Type: INDEX; Schema: public; Owner: john
--

CREATE INDEX face_sentence_session_id_a0a64e7e ON public.face_sentence USING btree (session_id);


--
-- Name: face_session_learner_id_6136b7ef; Type: INDEX; Schema: public; Owner: john
--

CREATE INDEX face_session_learner_id_6136b7ef ON public.face_session USING btree (learner_id);


--
-- Name: auth_group_permissio_permission_id_84c5c92e_fk_auth_perm; Type: FK CONSTRAINT; Schema: public; Owner: john
--

ALTER TABLE ONLY public.auth_group_permissions
    ADD CONSTRAINT auth_group_permissio_permission_id_84c5c92e_fk_auth_perm FOREIGN KEY (permission_id) REFERENCES public.auth_permission(id) DEFERRABLE INITIALLY DEFERRED;


--
-- Name: auth_group_permissions_group_id_b120cbf9_fk_auth_group_id; Type: FK CONSTRAINT; Schema: public; Owner: john
--

ALTER TABLE ONLY public.auth_group_permissions
    ADD CONSTRAINT auth_group_permissions_group_id_b120cbf9_fk_auth_group_id FOREIGN KEY (group_id) REFERENCES public.auth_group(id) DEFERRABLE INITIALLY DEFERRED;


--
-- Name: auth_permission_content_type_id_2f476e4b_fk_django_co; Type: FK CONSTRAINT; Schema: public; Owner: john
--

ALTER TABLE ONLY public.auth_permission
    ADD CONSTRAINT auth_permission_content_type_id_2f476e4b_fk_django_co FOREIGN KEY (content_type_id) REFERENCES public.django_content_type(id) DEFERRABLE INITIALLY DEFERRED;


--
-- Name: auth_user_groups_group_id_97559544_fk_auth_group_id; Type: FK CONSTRAINT; Schema: public; Owner: john
--

ALTER TABLE ONLY public.auth_user_groups
    ADD CONSTRAINT auth_user_groups_group_id_97559544_fk_auth_group_id FOREIGN KEY (group_id) REFERENCES public.auth_group(id) DEFERRABLE INITIALLY DEFERRED;


--
-- Name: auth_user_groups_user_id_6a12ed8b_fk_auth_user_id; Type: FK CONSTRAINT; Schema: public; Owner: john
--

ALTER TABLE ONLY public.auth_user_groups
    ADD CONSTRAINT auth_user_groups_user_id_6a12ed8b_fk_auth_user_id FOREIGN KEY (user_id) REFERENCES public.auth_user(id) DEFERRABLE INITIALLY DEFERRED;


--
-- Name: auth_user_user_permi_permission_id_1fbb5f2c_fk_auth_perm; Type: FK CONSTRAINT; Schema: public; Owner: john
--

ALTER TABLE ONLY public.auth_user_user_permissions
    ADD CONSTRAINT auth_user_user_permi_permission_id_1fbb5f2c_fk_auth_perm FOREIGN KEY (permission_id) REFERENCES public.auth_permission(id) DEFERRABLE INITIALLY DEFERRED;


--
-- Name: auth_user_user_permissions_user_id_a95ead1b_fk_auth_user_id; Type: FK CONSTRAINT; Schema: public; Owner: john
--

ALTER TABLE ONLY public.auth_user_user_permissions
    ADD CONSTRAINT auth_user_user_permissions_user_id_a95ead1b_fk_auth_user_id FOREIGN KEY (user_id) REFERENCES public.auth_user(id) DEFERRABLE INITIALLY DEFERRED;


--
-- Name: django_admin_log_content_type_id_c4bce8eb_fk_django_co; Type: FK CONSTRAINT; Schema: public; Owner: john
--

ALTER TABLE ONLY public.django_admin_log
    ADD CONSTRAINT django_admin_log_content_type_id_c4bce8eb_fk_django_co FOREIGN KEY (content_type_id) REFERENCES public.django_content_type(id) DEFERRABLE INITIALLY DEFERRED;


--
-- Name: django_admin_log_user_id_c564eba6_fk; Type: FK CONSTRAINT; Schema: public; Owner: john
--

ALTER TABLE ONLY public.django_admin_log
    ADD CONSTRAINT django_admin_log_user_id_c564eba6_fk FOREIGN KEY (user_id) REFERENCES public.auth_user(id) DEFERRABLE INITIALLY DEFERRED;


--
-- Name: face_audiofile_sentence_id_6477657f_fk_face_sentence_id; Type: FK CONSTRAINT; Schema: public; Owner: john
--

ALTER TABLE ONLY public.face_audiofile
    ADD CONSTRAINT face_audiofile_sentence_id_6477657f_fk_face_sentence_id FOREIGN KEY (sentence_id) REFERENCES public.face_sentence(id) DEFERRABLE INITIALLY DEFERRED;


--
-- Name: face_permaudiofile_sentence_id_97efea36_fk_face_permsentence_id; Type: FK CONSTRAINT; Schema: public; Owner: john
--

ALTER TABLE ONLY public.face_permaudiofile
    ADD CONSTRAINT face_permaudiofile_sentence_id_97efea36_fk_face_permsentence_id FOREIGN KEY (sentence_id) REFERENCES public.face_permsentence(id) DEFERRABLE INITIALLY DEFERRED;


--
-- Name: face_permpronunciati_sentence_id_71ce6d84_fk_face_perm; Type: FK CONSTRAINT; Schema: public; Owner: john
--

ALTER TABLE ONLY public.face_permpronunciationrequest
    ADD CONSTRAINT face_permpronunciati_sentence_id_71ce6d84_fk_face_perm FOREIGN KEY (sentence_id) REFERENCES public.face_permsentence(id) DEFERRABLE INITIALLY DEFERRED;


--
-- Name: face_permsentence_learner_id_3a1f16d7_fk_auth_user_id; Type: FK CONSTRAINT; Schema: public; Owner: john
--

ALTER TABLE ONLY public.face_permsentence
    ADD CONSTRAINT face_permsentence_learner_id_3a1f16d7_fk_auth_user_id FOREIGN KEY (learner_id) REFERENCES public.auth_user(id) DEFERRABLE INITIALLY DEFERRED;


--
-- Name: face_permsentence_session_id_7c23c94c_fk_face_session_id; Type: FK CONSTRAINT; Schema: public; Owner: john
--

ALTER TABLE ONLY public.face_permsentence
    ADD CONSTRAINT face_permsentence_session_id_7c23c94c_fk_face_session_id FOREIGN KEY (session_id) REFERENCES public.face_session(id) DEFERRABLE INITIALLY DEFERRED;


--
-- Name: face_profile_learner_id_393a5f7f_fk_auth_user_id; Type: FK CONSTRAINT; Schema: public; Owner: john
--

ALTER TABLE ONLY public.face_profile
    ADD CONSTRAINT face_profile_learner_id_393a5f7f_fk_auth_user_id FOREIGN KEY (learner_id) REFERENCES public.auth_user(id) DEFERRABLE INITIALLY DEFERRED;


--
-- Name: face_pronunciationre_sentence_id_ff9563b0_fk_face_sent; Type: FK CONSTRAINT; Schema: public; Owner: john
--

ALTER TABLE ONLY public.face_pronunciationrequest
    ADD CONSTRAINT face_pronunciationre_sentence_id_ff9563b0_fk_face_sent FOREIGN KEY (sentence_id) REFERENCES public.face_sentence(id) DEFERRABLE INITIALLY DEFERRED;


--
-- Name: face_sentence_learner_id_37a6509d_fk_auth_user_id; Type: FK CONSTRAINT; Schema: public; Owner: john
--

ALTER TABLE ONLY public.face_sentence
    ADD CONSTRAINT face_sentence_learner_id_37a6509d_fk_auth_user_id FOREIGN KEY (learner_id) REFERENCES public.auth_user(id) DEFERRABLE INITIALLY DEFERRED;


--
-- Name: face_sentence_session_id_a0a64e7e_fk_face_session_id; Type: FK CONSTRAINT; Schema: public; Owner: john
--

ALTER TABLE ONLY public.face_sentence
    ADD CONSTRAINT face_sentence_session_id_a0a64e7e_fk_face_session_id FOREIGN KEY (session_id) REFERENCES public.face_session(id) DEFERRABLE INITIALLY DEFERRED;


--
-- Name: face_session_learner_id_6136b7ef_fk_auth_user_id; Type: FK CONSTRAINT; Schema: public; Owner: john
--

ALTER TABLE ONLY public.face_session
    ADD CONSTRAINT face_session_learner_id_6136b7ef_fk_auth_user_id FOREIGN KEY (learner_id) REFERENCES public.auth_user(id) DEFERRABLE INITIALLY DEFERRED;


--
-- Name: SCHEMA public; Type: ACL; Schema: -; Owner: postgres
--

REVOKE ALL ON SCHEMA public FROM PUBLIC;
REVOKE ALL ON SCHEMA public FROM postgres;
GRANT ALL ON SCHEMA public TO postgres;
GRANT ALL ON SCHEMA public TO PUBLIC;


--
-- PostgreSQL database dump complete
--

