{"Thailand": "TH", "Antigua and Barbuda": "AG", "Nigeria": "NG", "Latvia": "LV", "French Polynesia": "PF", "Palau": "PW", "Western Sahara": "EH", "Kiribati": "KI", "Isle of Man": "IM", "Egypt": "EG", "Vanuatu": "VU", "Panama": "PA", "Timor-Leste": "TL", "Cayman Islands": "KY", "South Africa": "ZA", "Algeria": "DZ", "French Southern Territories": "TF", "Madagascar": "MG", "Guernsey": "GG", "Cambodia": "KH", "Burkina Faso": "BF", "Venezuela, Bolivarian Republic of": "VE", "Svalbard and Jan Mayen Islands": "SJ", "Sierra Leone": "SL", "Tonga": "TO", "Antarctica": "AQ", "Cocos (Keeling) Islands": "CC", "Nepal": "NP", "Christmas Island": "CX", "Jamaica": "JM", "Puerto Rico": "PR", "Saint Barth\u00e9lemy": "BL", "Macedonia, the former Yugoslav Republic of": "MK", "Ethiopia": "ET", "Caribbean Netherlands": "BQ", "Bahamas": "BS", "Taiwan": "TW", "Bouvet Island": "BV", "Senegal": "SN", "Jersey": "JE", "Saint Martin": "MF", "Qatar": "QA", "Pitcairn": "PN", "Montenegro": "ME", "Faroe Islands": "FO", "Cuba": "CU", "\u00c5land Islands": "AX", "Greece": "GR", "Russian Federation": "RU", "Austria": "AT", "Tunisia": "TN", "Europe": "EU", "Sint Maarten (Dutch part)": "SX", "Northern Mariana Islands": "MP", "Serbia": "RS", "Uganda": "UG", "Guinea-Bissau": "GW", "Angola": "AO", "Comoros": "KM", "Saint Helena, Ascension and Tristan da Cunha": "SH", "Colombia": "CO", "Estonia": "EE", "Lebanon": "LB", "New Caledonia": "NC", "Singapore": "SG", "Switzerland": "CH", "Togo": "TG", "Trinidad and Tobago": "TT", "Iceland": "IS", "Fiji": "FJ", "Tokelau": "TK", "R\u00e9union": "RE", "Romania": "RO", "Ukraine": "UA", "Indonesia": "ID", "Barbados": "BB", "Azerbaijan": "AZ", "Argentina": "AR", "Zambia": "ZM", "Uzbekistan": "UZ", "Saint Vincent and the Grenadines": "VC", "Eritrea": "ER", "Mayotte": "YT", "Micronesia, Federated States of": "FM", "Guatemala": "GT", "Montserrat": "MS", "Martinique": "MQ", "Somalia": "SO", "United States": "US", "Cook Islands": "CK", "Mauritania": "MR", "San Marino": "SM", "Bangladesh": "BD", "Nicaragua": "NI", "Aruba": "AW", "Saint Pierre and Miquelon": "PM", "Ireland": "IE", "Brunei Darussalam": "BN", "Saudi Arabia": "SA", "Holy See (Vatican City State)": "VA", "Bosnia and Herzegovina": "BA", "Albania": "AL", "France": "FR", "Georgia": "GE", "Belize": "BZ", "India": "IN", "Cyprus": "CY", "Malawi": "MW", "Luxembourg": "LU", "Iraq": "IQ", "Syrian Arab Republic": "SY", "Italy": "IT", "Chile": "CL", "Greenland": "GL", "Grenada": "GD", "Namibia": "NA", "Guinea": "GN", "Cura\u00e7ao": "CW", "Dominica": "DM", "Ecuador": "EC", "Ghana": "GH", "Yemen": "YE", "Nauru": "NR", "Sri Lanka": "LK", "Botswana": "BW", "Cameroon": "CM", "Germany": "DE", "C\u00f4te d'Ivoire": "CI", "Mozambique": "MZ", "Bermuda": "BM", "Bahrain": "BH", "Tuvalu": "TV", "Iran, Islamic Republic of": "IR", "Cape Verde": "CV", "Suriname": "SR", "China": "CN", "Spain": "ES", "Heard Island and McDonald Islands": "HM", "Portugal": "PT", "Australia": "AU", "Kazakhstan": "KZ", "Finland": "FI", "Tanzania, United Republic of": "TZ", "Turkmenistan": "TM", "Andorra": "AD", "Denmark": "DK", "Netherlands": "NL", "Lithuania": "LT", "Kuwait": "KW", "Norway": "NO", "Niue": "NU", "Moldova, Republic of": "MD", "Niger": "NE", "Hong Kong": "HK", "Papua New Guinea": "PG", "Marshall Islands": "MH", "Virgin Islands, British": "VG", "Falkland Islands (Malvinas)": "FK", "Lao People's Democratic Republic": "LA", "Bulgaria": "BG", "United Kingdom": "GB", "Sweden": "SE", "South Georgia and the South Sandwich Islands": "GS", "South Sudan": "SS", "Jordan": "JO", "Sao Tome and Principe": "ST", "Virgin Islands, U.S.": "VI", "Costa Rica": "CR", "Canada": "CA", "Swaziland": "SZ", "Malta": "MT", "Bolivia, Plurinational State of": "BO", "Uruguay": "UY", "Bhutan": "BT", "El Salvador": "SV", "Netherlands Antilles": "AN", "Slovenia": "SI", "Malaysia": "MY", "British Indian Ocean Territory": "IO", "American Samoa": "AS", "Saint Lucia": "LC", "Liechtenstein": "LI", "Burundi": "BI", "Macao": "MO", "Congo, the Democratic Republic of the": "CD", "Kyrgyzstan": "KG", "Guadeloupe": "GP", "Hungary": "HU", "Palestine": "PS", "Libya": "LY", "Benin": "BJ", "Tajikistan": "TJ", "Poland": "PL", "Pakistan": "PK", "Samoa": "WS", "Congo": "CG", "Korea, Republic of": "KR", "Norfolk Island": "NF", "Paraguay": "PY", "Monaco": "MC", "Haiti": "HT", "Armenia": "AM", "Brazil": "BR", "Korea, Democratic People's Republic of": "KP", "Japan": "JP", "Equatorial Guinea": "GQ", "Croatia": "HR", "Anguilla": "AI", "Gambia": "GM", "Saint Kitts and Nevis": "KN", "Turks and Caicos Islands": "TC", "Philippines": "PH", "United Arab Emirates": "AE", "Mauritius": "MU", "Israel": "IL", "Mali": "ML", "Kenya": "KE", "Guam": "GU", "Maldives": "MV", "Mexico": "MX", "Gibraltar": "GI", "Slovakia": "SK", "Sudan": "SD", "New Zealand": "NZ", "Honduras": "HN", "Oman": "OM", "Myanmar": "MM", "Afghanistan": "AF", "Turkey": "TR", "Central African Republic": "CF", "Mongolia": "MN", "Belgium": "BE", "Dominican Republic": "DO", "Seychelles": "SC", "French Guiana": "GF", "Belarus": "BY", "Morocco": "MA", "Wallis and Futuna Islands": "WF", "Rwanda": "RW", "Czech Republic": "CZ", "Guyana": "GY", "Djibouti": "DJ", "Liberia": "LR", "Chad": "TD", "Zimbabwe": "ZW", "US Minor Outlying Islands": "UM", "Lesotho": "LS", "Gabon": "GA", "Kosovo": "XK", "Solomon Islands": "SB", "Peru": "PE", "Viet Nam": "VN"}